client,chambre,date_debut,date_fin,services,montant,statut,date_creation,date_update,ville,type,annee,mois,jour,montant_abs,outlier
6956e0fc33e2abe4be8bd2a4,6956e0fe33e2abe4be8bd824,2025-02-02,2025-02-09,"[ObjectId('6956e0fd33e2abe4be8bd427'), ObjectId('6956e0fd33e2abe4be8bd425'), ObjectId('6956e0fd33e2abe4be8bd41d')]",1506,TERMINEE,2025-02-02,2026-01-01 21:02:54.303,PARIS,DOUBLE,2025,2,2,5761,True
6956e0f733e2abe4be8bd210,6956e0fd33e2abe4be8bd57a,2024-10-19,2024-10-25,"[ObjectId('6956e0fd33e2abe4be8bd33c'), ObjectId('6956e0fd33e2abe4be8bd332')]",3264,TERMINEE,2024-10-19,2026-01-01 21:02:54.334,SAINT-JEAN-CAP-FERRAT,DOUBLE,2024,10,19,3264,False
6956e0f933e2abe4be8bd24c,6956e0fd33e2abe4be8bd6fe,2025-02-19,2025-02-26,[ObjectId('6956e0fd33e2abe4be8bd3c0')],3381,TERMINEE,2025-02-19,2026-01-01 21:02:54.341,CANNES,DOUBLE,2025,2,19,3381,False
6956e0f733e2abe4be8bd216,6956e0fe33e2abe4be8bd79a,2024-11-21,2024-11-23,[],904,TERMINEE,2024-11-21,2026-01-01 21:02:54.364,LYON,SIMPLE,2024,11,21,904,False
6956e0f733e2abe4be8bd220,6956e0fd33e2abe4be8bd71a,2025-03-19,2025-03-23,"[ObjectId('6956e0fd33e2abe4be8bd3cf'), ObjectId('6956e0fd33e2abe4be8bd3d9')]",2468,TERMINEE,2025-03-19,2026-01-01 21:02:54.372,NANTES,DELUXE,2025,3,19,2468,False
6956e0fc33e2abe4be8bd296,6956e0fd33e2abe4be8bd6ee,2024-10-20,2024-10-24,"[ObjectId('6956e0fd33e2abe4be8bd3c2'), ObjectId('6956e0fd33e2abe4be8bd3bc')]",2160,TERMINEE,2024-10-20,2026-01-01 21:02:54.381,CANNES,DELUXE,2024,10,20,2160,False
6956e0f533e2abe4be8bd1ea,6956e0fd33e2abe4be8bd766,2025-02-05,2025-02-11,"[ObjectId('6956e0fd33e2abe4be8bd3ea'), ObjectId('6956e0fd33e2abe4be8bd3e8')]",3966,TERMINEE,2025-02-05,2026-01-01 21:02:54.390,ANTIBES,DELUXE,2025,2,5,3966,False
6956e0f633e2abe4be8bd1f6,6956e0fd33e2abe4be8bd4da,2025-01-24,2025-01-28,"[ObjectId('6956e0fd33e2abe4be8bd2f3'), ObjectId('6956e0fd33e2abe4be8bd2f5')]",1028,TERMINEE,2025-01-24,2026-01-01 21:02:54.396,SAINT-TROPEZ,DOUBLE,2025,1,24,1028,False
6956e0fc33e2abe4be8bd2a2,6956e0fd33e2abe4be8bd6be,2024-10-22,2024-10-23,[ObjectId('6956e0fd33e2abe4be8bd3a9')],162,TERMINEE,2024-10-22,2026-01-01 21:02:54.404,MEGEVE,DELUXE,2024,10,22,162,False
6956e0fd33e2abe4be8bd2a8,6956e0fd33e2abe4be8bd5c6,2025-01-05,2025-01-10,"[ObjectId('6956e0fd33e2abe4be8bd349'), ObjectId('6956e0fd33e2abe4be8bd35b')]",2675,TERMINEE,2025-01-05,2026-01-01 21:02:54.418,BIARRITZ,SIMPLE,2025,1,5,2675,False
6956e0fa33e2abe4be8bd260,6956e0fd33e2abe4be8bd67e,2025-01-29,2025-02-05,"[ObjectId('6956e0fd33e2abe4be8bd39c'), ObjectId('6956e0fd33e2abe4be8bd398')]",4102,TERMINEE,2025-01-29,2026-01-01 21:02:54.425,SAINT-TROPEZ,SUITE,2025,1,29,4102,False
6956e0fa33e2abe4be8bd25e,6956e0fd33e2abe4be8bd6a6,2024-10-10,2024-10-14,"[ObjectId('6956e0fd33e2abe4be8bd3ab'), ObjectId('6956e0fd33e2abe4be8bd3b5')]",1792,TERMINEE,2024-10-10,2026-01-01 21:02:54.436,MEGEVE,SUITE,2024,10,10,1792,False
6956e0f533e2abe4be8bd1ea,6956e0fe33e2abe4be8bd8a6,2025-01-17,2025-01-18,[ObjectId('6956e0fd33e2abe4be8bd44b')],700,TERMINEE,2025-01-17,2026-01-01 21:02:54.449,MEGEVE,DOUBLE,2025,1,17,700,False
6956e0f933e2abe4be8bd25a,6956e0fd33e2abe4be8bd5ba,2025-03-25,2025-03-30,[],1915,TERMINEE,2025-03-25,2026-01-01 21:02:54.458,BIARRITZ,SUITE,2025,3,25,1915,False
6956e0fc33e2abe4be8bd290,6956e0fd33e2abe4be8bd4e4,2025-03-04,2025-03-05,"[ObjectId('6956e0fd33e2abe4be8bd301'), ObjectId('6956e0fd33e2abe4be8bd2f3'), ObjectId('6956e0fd33e2abe4be8bd2fd')]",786,TERMINEE,2025-03-04,2026-01-01 21:02:54.462,SAINT-TROPEZ,DOUBLE,2025,3,4,786,False
6956e0f933e2abe4be8bd24c,6956e0fe33e2abe4be8bd922,2025-01-09,2025-01-11,"[ObjectId('6956e0fd33e2abe4be8bd47d'), ObjectId('6956e0fd33e2abe4be8bd47b')]",1010,TERMINEE,2025-01-09,2026-01-01 21:02:54.474,LYON,DELUXE,2025,1,9,1010,False
6956e0f933e2abe4be8bd25a,6956e0fd33e2abe4be8bd6d0,2025-02-20,2025-02-23,"[ObjectId('6956e0fd33e2abe4be8bd3a5'), ObjectId('6956e0fd33e2abe4be8bd3b3')]",1746,TERMINEE,2025-02-20,2026-01-01 21:02:54.482,MEGEVE,DELUXE,2025,2,20,1746,False
6956e0fd33e2abe4be8bd2aa,6956e0fd33e2abe4be8bd4fe,2024-12-29,2025-01-02,[],368,TERMINEE,2024-12-29,2026-01-01 21:02:54.489,NICE,SUITE,2024,12,29,368,False
6956e0f933e2abe4be8bd244,6956e0fe33e2abe4be8bd876,2025-03-15,2025-03-17,[],926,TERMINEE,2025-03-15,2026-01-01 21:02:54.494,NICE,SUITE,2025,3,15,926,False
6956e0f933e2abe4be8bd256,6956e0fd33e2abe4be8bd662,2024-12-17,2024-12-23,"[ObjectId('6956e0fd33e2abe4be8bd392'), ObjectId('6956e0fd33e2abe4be8bd39e')]",3558,TERMINEE,2024-12-17,2026-01-01 21:02:54.500,SAINT-TROPEZ,SIMPLE,2024,12,17,3558,False
6956e0fa33e2abe4be8bd262,6956e0fe33e2abe4be8bd830,2024-10-15,2024-10-19,[ObjectId('6956e0fd33e2abe4be8bd41f')],812,TERMINEE,2024-10-15,2026-01-01 21:02:54.505,PARIS,SIMPLE,2024,10,15,812,False
6956e0fc33e2abe4be8bd28e,6956e0fd33e2abe4be8bd542,2025-01-02,2025-01-09,[],1099,TERMINEE,2025-01-02,2026-01-01 21:02:54.509,RENNES,SUITE,2025,1,2,1099,False
6956e0fc33e2abe4be8bd29c,6956e0fe33e2abe4be8bd87c,2025-01-31,2025-02-07,[ObjectId('6956e0fd33e2abe4be8bd436')],2618,TERMINEE,2025-01-31,2026-01-01 21:02:54.511,NICE,SUITE,2025,1,31,2618,False
6956e0fc33e2abe4be8bd2a2,6956e0fd33e2abe4be8bd648,2025-01-07,2025-01-13,[ObjectId('6956e0fd33e2abe4be8bd375')],2094,TERMINEE,2025-01-07,2026-01-01 21:02:54.519,LYON,SUITE,2025,1,7,2094,False
6956e0fa33e2abe4be8bd26e,6956e0fd33e2abe4be8bd694,2025-02-05,2025-02-07,"[ObjectId('6956e0fd33e2abe4be8bd3ad'), ObjectId('6956e0fd33e2abe4be8bd3ab'), ObjectId('6956e0fd33e2abe4be8bd3a5')]",2012,TERMINEE,2025-02-05,2026-01-01 21:02:54.524,MEGEVE,DOUBLE,2025,2,5,2012,False
6956e0f733e2abe4be8bd220,6956e0fe33e2abe4be8bd810,2024-12-08,2024-12-09,[],149,TERMINEE,2024-12-08,2026-01-01 21:02:54.531,PARIS,SIMPLE,2024,12,8,149,False
6956e0f933e2abe4be8bd250,6956e0fd33e2abe4be8bd51e,2025-01-13,2025-01-20,[],2681,TERMINEE,2025-01-13,2026-01-01 21:02:54.537,NICE,DOUBLE,2025,1,13,2681,False
6956e0f733e2abe4be8bd21c,6956e0fd33e2abe4be8bd542,2025-01-29,2025-02-03,"[ObjectId('6956e0fd33e2abe4be8bd32d'), ObjectId('6956e0fd33e2abe4be8bd31b')]",2805,TERMINEE,2025-01-29,2026-01-01 21:02:54.542,RENNES,SUITE,2025,1,29,2805,False
6956e0fc33e2abe4be8bd298,6956e0fd33e2abe4be8bd65a,2024-12-08,2024-12-15,[],3465,TERMINEE,2024-12-08,2026-01-01 21:02:54.552,SAINT-TROPEZ,DOUBLE,2024,12,8,3465,False
6956e0f533e2abe4be8bd1ee,6956e0fd33e2abe4be8bd64e,2025-03-23,2025-03-29,[ObjectId('6956e0fd33e2abe4be8bd385')],4026,TERMINEE,2025-03-23,2026-01-01 21:02:54.560,LYON,SIMPLE,2025,3,23,4026,False
6956e0fa33e2abe4be8bd270,6956e0fd33e2abe4be8bd51a,2025-01-07,2025-01-11,"[ObjectId('6956e0fd33e2abe4be8bd30a'), ObjectId('6956e0fd33e2abe4be8bd30e')]",2300,TERMINEE,2025-01-07,2026-01-01 21:02:54.568,NICE,DOUBLE,2025,1,7,2300,False
6956e0f833e2abe4be8bd240,6956e0fd33e2abe4be8bd6ca,2025-01-29,2025-02-01,"[ObjectId('6956e0fd33e2abe4be8bd3b1'), ObjectId('6956e0fd33e2abe4be8bd3b3')]",1599,TERMINEE,2025-01-29,2026-01-01 21:02:54.572,MEGEVE,DOUBLE,2025,1,29,1599,False
6956e0f533e2abe4be8bd1e4,6956e0fd33e2abe4be8bd646,2024-10-18,2024-10-22,"[ObjectId('6956e0fd33e2abe4be8bd375'), ObjectId('6956e0fd33e2abe4be8bd381'), ObjectId('6956e0fd33e2abe4be8bd37b')]",2800,TERMINEE,2024-10-18,2026-01-01 21:02:54.577,LYON,SUITE,2024,10,18,2800,False
6956e0fc33e2abe4be8bd2a0,6956e0fd33e2abe4be8bd746,2024-11-07,2024-11-08,"[ObjectId('6956e0fd33e2abe4be8bd3e4'), ObjectId('6956e0fd33e2abe4be8bd3e0')]",700,TERMINEE,2024-11-07,2026-01-01 21:02:54.583,ANTIBES,SUITE,2024,11,7,700,False
6956e0fb33e2abe4be8bd274,6956e0fe33e2abe4be8bd7d8,2024-11-15,2024-11-18,[ObjectId('6956e0fd33e2abe4be8bd412')],447,TERMINEE,2024-11-15,2026-01-01 21:02:54.589,CHAMONIX,SIMPLE,2024,11,15,447,False
6956e0fb33e2abe4be8bd286,6956e0fd33e2abe4be8bd49a,2024-12-08,2024-12-11,[],909,TERMINEE,2024-12-08,2026-01-01 21:02:54.594,BORDEAUX,DOUBLE,2024,12,8,909,False
6956e0fb33e2abe4be8bd286,6956e0fd33e2abe4be8bd76c,2025-02-19,2025-02-25,[],1830,TERMINEE,2025-02-19,2026-01-01 21:02:54.602,ANTIBES,SUITE,2025,2,19,1830,False
6956e0f633e2abe4be8bd1f6,6956e0fe33e2abe4be8bd84e,2025-02-28,2025-03-04,"[ObjectId('6956e0fd33e2abe4be8bd430'), ObjectId('6956e0fd33e2abe4be8bd436'), ObjectId('6956e0fd33e2abe4be8bd442')]",2960,TERMINEE,2025-02-28,2026-01-01 21:02:54.607,NICE,DOUBLE,2025,2,28,2960,False
6956e0fb33e2abe4be8bd286,6956e0fd33e2abe4be8bd54c,2024-11-14,2024-11-17,"[ObjectId('6956e0fd33e2abe4be8bd323'), ObjectId('6956e0fd33e2abe4be8bd32b'), ObjectId('6956e0fd33e2abe4be8bd32d')]",1746,TERMINEE,2024-11-14,2026-01-01 21:02:54.614,RENNES,DELUXE,2024,11,14,1746,False
6956e0fa33e2abe4be8bd266,6956e0fd33e2abe4be8bd764,2024-12-26,2024-12-28,[],844,TERMINEE,2024-12-26,2026-01-01 21:02:54.617,ANTIBES,SIMPLE,2024,12,26,844,False
6956e0f933e2abe4be8bd258,6956e0fe33e2abe4be8bd862,2024-10-16,2024-10-18,"[ObjectId('6956e0fd33e2abe4be8bd43a'), ObjectId('6956e0fd33e2abe4be8bd434')]",1498,TERMINEE,2024-10-16,2026-01-01 21:02:54.623,NICE,DOUBLE,2024,10,16,1498,False
6956e0fa33e2abe4be8bd262,6956e0fd33e2abe4be8bd732,2024-11-27,2024-12-01,[ObjectId('6956e0fd33e2abe4be8bd3c9')],948,TERMINEE,2024-11-27,2026-01-01 21:02:54.628,NANTES,SIMPLE,2024,11,27,948,False
6956e0fc33e2abe4be8bd298,6956e0fd33e2abe4be8bd632,2024-11-16,2024-11-18,[],268,TERMINEE,2024-11-16,2026-01-01 21:02:54.633,LYON,SUITE,2024,11,16,268,False
6956e0fa33e2abe4be8bd26e,6956e0fd33e2abe4be8bd756,2024-10-17,2024-10-24,[ObjectId('6956e0fd33e2abe4be8bd3de')],4641,TERMINEE,2024-10-17,2026-01-01 21:02:54.638,ANTIBES,SIMPLE,2024,10,17,4641,False
6956e0f633e2abe4be8bd206,6956e0fe33e2abe4be8bd946,2024-10-10,2024-10-14,[],1444,TERMINEE,2024-10-10,2026-01-01 21:02:54.643,LYON,DELUXE,2024,10,10,1444,False
6956e0fa33e2abe4be8bd26a,6956e0fe33e2abe4be8bd850,2025-03-30,2025-03-31,"[ObjectId('6956e0fd33e2abe4be8bd436'), ObjectId('6956e0fd33e2abe4be8bd42e')]",667,TERMINEE,2025-03-30,2026-01-01 21:02:54.649,NICE,SIMPLE,2025,3,30,667,False
6956e0f933e2abe4be8bd24c,6956e0fd33e2abe4be8bd65a,2024-12-09,2024-12-10,[],495,TERMINEE,2024-12-09,2026-01-01 21:02:54.655,SAINT-TROPEZ,DOUBLE,2024,12,9,495,False
6956e0fc33e2abe4be8bd2a0,6956e0fd33e2abe4be8bd4fe,2025-02-14,2025-02-19,[],460,TERMINEE,2025-02-14,2026-01-01 21:02:54.660,NICE,SUITE,2025,2,14,460,False
6956e0f833e2abe4be8bd240,6956e0fd33e2abe4be8bd56a,2024-11-01,2024-11-06,"[ObjectId('6956e0fd33e2abe4be8bd319'), ObjectId('6956e0fd33e2abe4be8bd32b')]",1760,TERMINEE,2024-11-01,2026-01-01 21:02:54.668,RENNES,SUITE,2024,11,1,1760,False
6956e0fb33e2abe4be8bd280,6956e0fd33e2abe4be8bd754,2025-03-15,2025-03-16,[ObjectId('6956e0fd33e2abe4be8bd3e8')],615,TERMINEE,2025-03-15,2026-01-01 21:02:54.679,ANTIBES,DELUXE,2025,3,15,615,False
6956e0fb33e2abe4be8bd27e,6956e0fd33e2abe4be8bd6e6,2024-11-26,2024-11-30,[ObjectId('6956e0fd33e2abe4be8bd3c2')],1120,TERMINEE,2024-11-26,2026-01-01 21:02:54.686,CANNES,SUITE,2024,11,26,1120,False
6956e0fc33e2abe4be8bd294,6956e0fd33e2abe4be8bd704,2025-03-05,2025-03-12,"[ObjectId('6956e0fd33e2abe4be8bd3ba'), ObjectId('6956e0fd33e2abe4be8bd3bc')]",3976,TERMINEE,2025-03-05,2026-01-01 21:02:54.695,CANNES,SIMPLE,2025,3,5,3976,False
6956e0f833e2abe4be8bd23a,6956e0fd33e2abe4be8bd558,2025-02-23,2025-03-01,[ObjectId('6956e0fd33e2abe4be8bd32b')],1152,TERMINEE,2025-02-23,2026-01-01 21:02:54.701,RENNES,DOUBLE,2025,2,23,1152,False
6956e0f933e2abe4be8bd24e,6956e0fd33e2abe4be8bd64e,2025-02-16,2025-02-23,[ObjectId('6956e0fd33e2abe4be8bd389')],4991,TERMINEE,2025-02-16,2026-01-01 21:02:54.710,LYON,SIMPLE,2025,2,16,4991,False
6956e0f833e2abe4be8bd22a,6956e0fe33e2abe4be8bd8c8,2024-11-17,2024-11-24,"[ObjectId('6956e0fd33e2abe4be8bd45b'), ObjectId('6956e0fd33e2abe4be8bd453'), ObjectId('6956e0fd33e2abe4be8bd451')]",3248,TERMINEE,2024-11-17,2026-01-01 21:02:54.716,MEGEVE,DELUXE,2024,11,17,3248,False
6956e0f533e2abe4be8bd1ee,6956e0fe33e2abe4be8bd864,2025-02-16,2025-02-20,[],1836,TERMINEE,2025-02-16,2026-01-01 21:02:54.722,NICE,DELUXE,2025,2,16,1836,False
6956e0f633e2abe4be8bd1fa,6956e0fd33e2abe4be8bd5ce,2024-10-06,2024-10-09,[ObjectId('6956e0fd33e2abe4be8bd355')],1161,TERMINEE,2024-10-06,2026-01-01 21:02:54.732,BIARRITZ,SIMPLE,2024,10,6,1161,False
6956e0f733e2abe4be8bd210,6956e0fe33e2abe4be8bd7b8,2025-02-08,2025-02-12,[],476,TERMINEE,2025-02-08,2026-01-01 21:02:54.738,LYON,SUITE,2025,2,8,476,False
6956e0fd33e2abe4be8bd2a6,6956e0fe33e2abe4be8bd8f8,2025-02-22,2025-02-28,[ObjectId('6956e0fd33e2abe4be8bd470')],798,TERMINEE,2025-02-22,2026-01-01 21:02:54.742,BORDEAUX,DOUBLE,2025,2,22,798,False
6956e0fb33e2abe4be8bd28a,6956e0fe33e2abe4be8bd8d8,2024-12-14,2024-12-17,[],912,TERMINEE,2024-12-14,2026-01-01 21:02:54.745,BORDEAUX,SIMPLE,2024,12,14,912,False
6956e0f833e2abe4be8bd22e,6956e0fd33e2abe4be8bd4a8,2024-11-17,2024-11-19,"[ObjectId('6956e0fd33e2abe4be8bd2dc'), ObjectId('6956e0fd33e2abe4be8bd2e6'), ObjectId('6956e0fd33e2abe4be8bd2de')]",1506,TERMINEE,2024-11-17,2026-01-01 21:02:54.751,BORDEAUX,DOUBLE,2024,11,17,1506,False
6956e0f933e2abe4be8bd244,6956e0fd33e2abe4be8bd5a4,2024-11-07,2024-11-10,"[ObjectId('6956e0fd33e2abe4be8bd346'), ObjectId('6956e0fd33e2abe4be8bd344'), ObjectId('6956e0fd33e2abe4be8bd336')]",1341,TERMINEE,2024-11-07,2026-01-01 21:02:54.759,SAINT-JEAN-CAP-FERRAT,SIMPLE,2024,11,7,1341,False
6956e0f933e2abe4be8bd24e,6956e0fd33e2abe4be8bd5aa,2025-02-05,2025-02-11,[ObjectId('6956e0fd33e2abe4be8bd351')],1206,TERMINEE,2025-02-05,2026-01-01 21:02:54.766,BIARRITZ,SUITE,2025,2,5,1206,False
6956e0f933e2abe4be8bd248,6956e0fd33e2abe4be8bd5d6,2024-12-11,2024-12-14,[ObjectId('6956e0fd33e2abe4be8bd35b')],1335,TERMINEE,2024-12-11,2026-01-01 21:02:54.771,BIARRITZ,SIMPLE,2024,12,11,1335,False
6956e0f633e2abe4be8bd20a,6956e0fd33e2abe4be8bd5cc,2025-01-20,2025-01-23,"[ObjectId('6956e0fd33e2abe4be8bd351'), ObjectId('6956e0fd33e2abe4be8bd35b')]",921,TERMINEE,2025-01-20,2026-01-01 21:02:54.779,BIARRITZ,DELUXE,2025,1,20,921,False
6956e0fc33e2abe4be8bd29c,6956e0fe33e2abe4be8bd7fa,2024-12-06,2024-12-10,[],1152,TERMINEE,2024-12-06,2026-01-01 21:02:54.788,CHAMONIX,DELUXE,2024,12,6,1152,False
6956e0fb33e2abe4be8bd274,6956e0fe33e2abe4be8bd87c,2024-12-05,2024-12-10,"[ObjectId('6956e0fd33e2abe4be8bd430'), ObjectId('6956e0fd33e2abe4be8bd42e')]",3085,TERMINEE,2024-12-05,2026-01-01 21:02:54.795,NICE,SUITE,2024,12,5,3085,False
6956e0f533e2abe4be8bd1f0,6956e0fd33e2abe4be8bd55c,2024-12-07,2024-12-10,[],840,TERMINEE,2024-12-07,2026-01-01 21:02:54.802,RENNES,SUITE,2024,12,7,840,False
6956e0fa33e2abe4be8bd264,6956e0fe33e2abe4be8bd81a,2025-01-15,2025-01-17,"[ObjectId('6956e0fd33e2abe4be8bd429'), ObjectId('6956e0fd33e2abe4be8bd41d')]",1226,TERMINEE,2025-01-15,2026-01-01 21:02:54.810,PARIS,DELUXE,2025,1,15,1226,False
6956e0fc33e2abe4be8bd2a0,6956e0fd33e2abe4be8bd72e,2024-10-09,2024-10-11,[],548,TERMINEE,2024-10-09,2026-01-01 21:02:54.814,NANTES,DOUBLE,2024,10,9,548,False
6956e0f733e2abe4be8bd222,6956e0fd33e2abe4be8bd76e,2024-11-18,2024-11-19,"[ObjectId('6956e0fd33e2abe4be8bd3e8'), ObjectId('6956e0fd33e2abe4be8bd3e2')]",521,TERMINEE,2024-11-18,2026-01-01 21:02:54.820,ANTIBES,DELUXE,2024,11,18,521,False
6956e0fb33e2abe4be8bd274,6956e0fe33e2abe4be8bd7e2,2025-01-27,2025-01-31,[ObjectId('6956e0fd33e2abe4be8bd41a')],1060,TERMINEE,2025-01-27,2026-01-01 21:02:54.827,CHAMONIX,SIMPLE,2025,1,27,1060,False
6956e0fc33e2abe4be8bd29c,6956e0fe33e2abe4be8bd782,2025-02-15,2025-02-21,[],2526,TERMINEE,2025-02-15,2026-01-01 21:02:54.833,ANTIBES,SUITE,2025,2,15,2526,False
6956e0f933e2abe4be8bd252,6956e0fe33e2abe4be8bd8bc,2025-03-03,2025-03-07,[],656,TERMINEE,2025-03-03,2026-01-01 21:02:54.845,MEGEVE,SIMPLE,2025,3,3,656,False
6956e0f633e2abe4be8bd20e,6956e0fe33e2abe4be8bd942,2025-02-12,2025-02-17,"[ObjectId('6956e0fd33e2abe4be8bd483'), ObjectId('6956e0fd33e2abe4be8bd47d')]",2615,TERMINEE,2025-02-12,2026-01-01 21:02:54.850,LYON,SIMPLE,2025,2,12,2615,False
6956e0fb33e2abe4be8bd284,6956e0fd33e2abe4be8bd6e8,2025-02-05,2025-02-09,[ObjectId('6956e0fd33e2abe4be8bd3be')],1464,TERMINEE,2025-02-05,2026-01-01 21:02:54.854,CANNES,DELUXE,2025,2,5,1464,False
6956e0fd33e2abe4be8bd2aa,6956e0fe33e2abe4be8bd82c,2024-11-16,2024-11-19,"[ObjectId('6956e0fd33e2abe4be8bd427'), ObjectId('6956e0fd33e2abe4be8bd421')]",2151,TERMINEE,2024-11-16,2026-01-01 21:02:54.860,PARIS,DOUBLE,2024,11,16,2151,False
6956e0fd33e2abe4be8bd2aa,6956e0fe33e2abe4be8bd932,2025-01-19,2025-01-23,"[ObjectId('6956e0fd33e2abe4be8bd481'), ObjectId('6956e0fd33e2abe4be8bd485')]",1956,TERMINEE,2025-01-19,2026-01-01 21:02:54.865,LYON,SIMPLE,2025,1,19,1956,False
6956e0f933e2abe4be8bd246,6956e0fd33e2abe4be8bd4ec,2025-03-29,2025-03-30,[ObjectId('6956e0fd33e2abe4be8bd2ef')],570,TERMINEE,2025-03-29,2026-01-01 21:02:54.870,SAINT-TROPEZ,DOUBLE,2025,3,29,570,False
6956e0fb33e2abe4be8bd27a,6956e0fd33e2abe4be8bd4dc,2024-11-17,2024-11-24,"[ObjectId('6956e0fd33e2abe4be8bd2f9'), ObjectId('6956e0fd33e2abe4be8bd2f7')]",5327,TERMINEE,2024-11-17,2026-01-01 21:02:54.873,SAINT-TROPEZ,DOUBLE,2024,11,17,5327,False
6956e0f533e2abe4be8bd1ea,6956e0fe33e2abe4be8bd92c,2025-03-24,2025-03-30,"[ObjectId('6956e0fd33e2abe4be8bd475'), ObjectId('6956e0fd33e2abe4be8bd481')]",2640,TERMINEE,2025-03-24,2026-01-01 21:02:54.883,LYON,SUITE,2025,3,24,2640,False
6956e0f733e2abe4be8bd212,6956e0fd33e2abe4be8bd4b6,2025-03-20,2025-03-21,[],410,TERMINEE,2025-03-20,2026-01-01 21:02:54.891,BORDEAUX,DOUBLE,2025,3,20,410,False
6956e0f833e2abe4be8bd22c,6956e0fe33e2abe4be8bd886,2025-03-15,2025-03-20,[],1865,TERMINEE,2025-03-15,2026-01-01 21:02:54.897,NICE,SUITE,2025,3,15,1865,False
6956e0fc33e2abe4be8bd294,6956e0fd33e2abe4be8bd6e4,2024-11-07,2024-11-10,[ObjectId('6956e0fd33e2abe4be8bd3c2')],1620,TERMINEE,2024-11-07,2026-01-01 21:02:54.899,CANNES,DELUXE,2024,11,7,1620,False
6956e0f533e2abe4be8bd1e8,6956e0fd33e2abe4be8bd5aa,2025-01-16,2025-01-22,[],708,TERMINEE,2025-01-16,2026-01-01 21:02:54.907,BIARRITZ,SUITE,2025,1,16,708,False
6956e0fc33e2abe4be8bd2a4,6956e0fd33e2abe4be8bd73e,2024-10-31,2024-11-02,"[ObjectId('6956e0fd33e2abe4be8bd3cf'), ObjectId('6956e0fd33e2abe4be8bd3c9'), ObjectId('6956e0fd33e2abe4be8bd3d5')]",1598,TERMINEE,2024-10-31,2026-01-01 21:02:54.913,NANTES,SUITE,2024,10,31,1598,False
6956e0f833e2abe4be8bd22e,6956e0fd33e2abe4be8bd514,2024-10-06,2024-10-13,[ObjectId('6956e0fd33e2abe4be8bd316')],2870,TERMINEE,2024-10-06,2026-01-01 21:02:54.919,NICE,DOUBLE,2024,10,6,2870,False
6956e0f533e2abe4be8bd1ee,6956e0fe33e2abe4be8bd8c0,2024-12-22,2024-12-28,"[ObjectId('6956e0fd33e2abe4be8bd453'), ObjectId('6956e0fd33e2abe4be8bd459')]",1686,TERMINEE,2024-12-22,2026-01-01 21:02:54.927,MEGEVE,SUITE,2024,12,22,1686,False
6956e0f933e2abe4be8bd256,6956e0fd33e2abe4be8bd514,2024-11-24,2024-11-25,"[ObjectId('6956e0fd33e2abe4be8bd314'), ObjectId('6956e0fd33e2abe4be8bd30c')]",581,TERMINEE,2024-11-24,2026-01-01 21:02:54.933,NICE,DOUBLE,2024,11,24,581,False
6956e0f933e2abe4be8bd24e,6956e0fd33e2abe4be8bd662,2024-11-02,2024-11-03,[],252,TERMINEE,2024-11-02,2026-01-01 21:02:54.942,SAINT-TROPEZ,SIMPLE,2024,11,2,252,False
6956e0f633e2abe4be8bd204,6956e0fd33e2abe4be8bd6ec,2024-11-27,2024-12-03,[],1770,TERMINEE,2024-11-27,2026-01-01 21:02:54.948,CANNES,DELUXE,2024,11,27,1770,False
6956e0f933e2abe4be8bd244,6956e0fe33e2abe4be8bd8ec,2025-03-17,2025-03-19,"[ObjectId('6956e0fd33e2abe4be8bd470'), ObjectId('6956e0fd33e2abe4be8bd466')]",1250,TERMINEE,2025-03-17,2026-01-01 21:02:54.951,BORDEAUX,DOUBLE,2025,3,17,1250,False
6956e0f633e2abe4be8bd1fa,6956e0fe33e2abe4be8bd908,2024-10-10,2024-10-15,"[ObjectId('6956e0fd33e2abe4be8bd46a'), ObjectId('6956e0fd33e2abe4be8bd460')]",2200,TERMINEE,2024-10-10,2026-01-01 21:02:54.958,BORDEAUX,DOUBLE,2024,10,10,2200,False
6956e0fa33e2abe4be8bd264,6956e0fe33e2abe4be8bd900,2024-11-27,2024-12-02,[ObjectId('6956e0fd33e2abe4be8bd464')],1415,TERMINEE,2024-11-27,2026-01-01 21:02:54.963,BORDEAUX,SUITE,2024,11,27,1415,False
6956e0f633e2abe4be8bd1fa,6956e0fd33e2abe4be8bd64e,2025-03-22,2025-03-25,"[ObjectId('6956e0fd33e2abe4be8bd381'), ObjectId('6956e0fd33e2abe4be8bd385'), ObjectId('6956e0fd33e2abe4be8bd387')]",2724,TERMINEE,2025-03-22,2026-01-01 21:02:54.981,LYON,SIMPLE,2025,3,22,2724,False
6956e0fb33e2abe4be8bd282,6956e0fe33e2abe4be8bd78a,2024-12-28,2025-01-03,[],2448,TERMINEE,2024-12-28,2026-01-01 21:02:54.990,LYON,SIMPLE,2024,12,28,2448,False
6956e0f933e2abe4be8bd254,6956e0fe33e2abe4be8bd8e0,2024-11-05,2024-11-06,"[ObjectId('6956e0fd33e2abe4be8bd46c'), ObjectId('6956e0fd33e2abe4be8bd462')]",423,TERMINEE,2024-11-05,2026-01-01 21:02:54.994,BORDEAUX,SUITE,2024,11,5,423,False
6956e0fa33e2abe4be8bd268,6956e0fe33e2abe4be8bd7f0,2024-11-12,2024-11-17,[],1460,TERMINEE,2024-11-12,2026-01-01 21:02:54.998,CHAMONIX,DOUBLE,2024,11,12,1460,False
6956e0f633e2abe4be8bd20e,6956e0fd33e2abe4be8bd4a6,2025-01-08,2025-01-11,[],600,TERMINEE,2025-01-08,2026-01-01 21:02:55.007,BORDEAUX,SIMPLE,2025,1,8,600,False
6956e0f733e2abe4be8bd216,6956e0fd33e2abe4be8bd59e,2025-01-10,2025-01-16,"[ObjectId('6956e0fd33e2abe4be8bd342'), ObjectId('6956e0fd33e2abe4be8bd33a')]",4746,TERMINEE,2025-01-10,2026-01-01 21:02:55.021,SAINT-JEAN-CAP-FERRAT,SUITE,2025,1,10,4746,False
6956e0f733e2abe4be8bd220,6956e0fe33e2abe4be8bd7e4,2025-03-21,2025-03-27,"[ObjectId('6956e0fd33e2abe4be8bd410'), ObjectId('6956e0fd33e2abe4be8bd418'), ObjectId('6956e0fd33e2abe4be8bd412')]",3432,TERMINEE,2025-03-21,2026-01-01 21:02:55.034,CHAMONIX,DELUXE,2025,3,21,3432,False
6956e0f833e2abe4be8bd23c,6956e0fd33e2abe4be8bd5ec,2025-01-13,2025-01-17,"[ObjectId('6956e0fd33e2abe4be8bd36a'), ObjectId('6956e0fd33e2abe4be8bd360')]",2560,TERMINEE,2025-01-13,2026-01-01 21:02:55.038,MEGEVE,SIMPLE,2025,1,13,2560,False
6956e0f633e2abe4be8bd1f6,6956e0fe33e2abe4be8bd8b4,2024-11-08,2024-11-14,"[ObjectId('6956e0fd33e2abe4be8bd457'), ObjectId('6956e0fd33e2abe4be8bd459'), ObjectId('6956e0fd33e2abe4be8bd455')]",4116,TERMINEE,2024-11-08,2026-01-01 21:02:55.042,MEGEVE,SUITE,2024,11,8,4116,False
6956e0fb33e2abe4be8bd276,6956e0fd33e2abe4be8bd594,2025-02-19,2025-02-23,"[ObjectId('6956e0fd33e2abe4be8bd332'), ObjectId('6956e0fd33e2abe4be8bd330'), ObjectId('6956e0fd33e2abe4be8bd33c')]",2992,TERMINEE,2025-02-19,2026-01-01 21:02:55.051,SAINT-JEAN-CAP-FERRAT,DELUXE,2025,2,19,2992,False
6956e0f933e2abe4be8bd242,6956e0fd33e2abe4be8bd528,2025-02-21,2025-02-22,"[ObjectId('6956e0fd33e2abe4be8bd308'), ObjectId('6956e0fd33e2abe4be8bd310')]",667,TERMINEE,2025-02-21,2026-01-01 21:02:55.058,NICE,SIMPLE,2025,2,21,667,False
6956e0fc33e2abe4be8bd292,6956e0fe33e2abe4be8bd898,2025-02-11,2025-02-15,[ObjectId('6956e0fd33e2abe4be8bd449')],1776,TERMINEE,2025-02-11,2026-01-01 21:02:55.064,MEGEVE,DOUBLE,2025,2,11,1776,False
6956e0fb33e2abe4be8bd27e,6956e0fd33e2abe4be8bd6b0,2025-01-25,2025-01-31,[],570,TERMINEE,2025-01-25,2026-01-01 21:02:55.074,MEGEVE,SIMPLE,2025,1,25,570,False
6956e0f733e2abe4be8bd216,6956e0fe33e2abe4be8bd850,2025-03-01,2025-03-03,"[ObjectId('6956e0fd33e2abe4be8bd436'), ObjectId('6956e0fd33e2abe4be8bd430')]",1370,TERMINEE,2025-03-01,2026-01-01 21:02:55.080,NICE,SIMPLE,2025,3,1,1370,False
6956e0f533e2abe4be8bd1ec,6956e0fe33e2abe4be8bd8cc,2025-02-21,2025-02-28,[],3318,TERMINEE,2025-02-21,2026-01-01 21:02:55.086,MEGEVE,SUITE,2025,2,21,3318,False
6956e0f733e2abe4be8bd214,6956e0fd33e2abe4be8bd758,2024-10-08,2024-10-12,"[ObjectId('6956e0fd33e2abe4be8bd3ea'), ObjectId('6956e0fd33e2abe4be8bd3ec'), ObjectId('6956e0fd33e2abe4be8bd3e8')]",3636,TERMINEE,2024-10-08,2026-01-01 21:02:55.092,ANTIBES,SUITE,2024,10,8,3636,False
6956e0f633e2abe4be8bd1fa,6956e0fe33e2abe4be8bd908,2024-11-24,2024-11-28,[ObjectId('6956e0fd33e2abe4be8bd46a')],1016,TERMINEE,2024-11-24,2026-01-01 21:02:55.101,BORDEAUX,DOUBLE,2024,11,24,1016,False
6956e0f933e2abe4be8bd258,6956e0fd33e2abe4be8bd620,2024-12-04,2024-12-08,[],1396,TERMINEE,2024-12-04,2026-01-01 21:02:55.105,LYON,SIMPLE,2024,12,4,1396,False
6956e0fb33e2abe4be8bd284,6956e0fd33e2abe4be8bd630,2024-12-31,2025-01-03,[ObjectId('6956e0fd33e2abe4be8bd387')],912,TERMINEE,2024-12-31,2026-01-01 21:02:55.114,LYON,SUITE,2024,12,31,912,False
6956e0fa33e2abe4be8bd26e,6956e0fe33e2abe4be8bd916,2025-02-08,2025-02-15,[ObjectId('6956e0fd33e2abe4be8bd485')],3171,TERMINEE,2025-02-08,2026-01-01 21:02:55.120,LYON,SIMPLE,2025,2,8,3171,False
6956e0f933e2abe4be8bd246,6956e0fd33e2abe4be8bd48a,2025-01-20,2025-01-27,[],728,TERMINEE,2025-01-20,2026-01-01 21:02:55.128,BORDEAUX,DOUBLE,2025,1,20,728,False
6956e0fb33e2abe4be8bd276,6956e0fd33e2abe4be8bd60a,2024-12-08,2024-12-15,[ObjectId('6956e0fd33e2abe4be8bd366')],3290,TERMINEE,2024-12-08,2026-01-01 21:02:55.133,MEGEVE,SIMPLE,2024,12,8,3290,False
6956e0f733e2abe4be8bd21c,6956e0fd33e2abe4be8bd760,2024-11-23,2024-11-24,[],214,TERMINEE,2024-11-23,2026-01-01 21:02:55.136,ANTIBES,SUITE,2024,11,23,214,False
6956e0fb33e2abe4be8bd27c,6956e0fe33e2abe4be8bd7fc,2024-10-11,2024-10-12,"[ObjectId('6956e0fd33e2abe4be8bd404'), ObjectId('6956e0fd33e2abe4be8bd414'), ObjectId('6956e0fd33e2abe4be8bd40c')]",521,TERMINEE,2024-10-11,2026-01-01 21:02:55.144,CHAMONIX,SUITE,2024,10,11,521,False
6956e0fb33e2abe4be8bd282,6956e0fd33e2abe4be8bd696,2025-03-19,2025-03-23,"[ObjectId('6956e0fd33e2abe4be8bd3ab'), ObjectId('6956e0fd33e2abe4be8bd3a3'), ObjectId('6956e0fd33e2abe4be8bd3ad')]",2936,TERMINEE,2025-03-19,2026-01-01 21:02:55.149,MEGEVE,SIMPLE,2025,3,19,2936,False
6956e0fb33e2abe4be8bd278,6956e0fe33e2abe4be8bd784,2025-03-19,2025-03-21,[ObjectId('6956e0fd33e2abe4be8bd3e8')],1170,TERMINEE,2025-03-19,2026-01-01 21:02:55.153,ANTIBES,DELUXE,2025,3,19,1170,False
6956e0f833e2abe4be8bd23e,6956e0fd33e2abe4be8bd72c,2025-03-22,2025-03-29,"[ObjectId('6956e0fd33e2abe4be8bd3d9'), ObjectId('6956e0fd33e2abe4be8bd3d1')]",2632,TERMINEE,2025-03-22,2026-01-01 21:02:55.163,NANTES,SUITE,2025,3,22,2632,False
6956e0f633e2abe4be8bd202,6956e0fd33e2abe4be8bd628,2024-12-23,2024-12-28,[],2150,TERMINEE,2024-12-23,2026-01-01 21:02:55.168,LYON,SUITE,2024,12,23,2150,False
6956e0f533e2abe4be8bd1ec,6956e0fe33e2abe4be8bd78a,2025-03-02,2025-03-09,"[ObjectId('6956e0fd33e2abe4be8bd3f1'), ObjectId('6956e0fd33e2abe4be8bd3f5')]",4725,TERMINEE,2025-03-02,2026-01-01 21:02:55.171,LYON,SIMPLE,2025,3,2,4725,False
6956e0f833e2abe4be8bd240,6956e0fd33e2abe4be8bd4ea,2025-03-01,2025-03-02,[ObjectId('6956e0fd33e2abe4be8bd2ed')],650,TERMINEE,2025-03-01,2026-01-01 21:02:55.176,SAINT-TROPEZ,DOUBLE,2025,3,1,650,False
6956e0fd33e2abe4be8bd2a8,6956e0fd33e2abe4be8bd53c,2025-02-21,2025-02-28,[ObjectId('6956e0fd33e2abe4be8bd31b')],2982,TERMINEE,2025-02-21,2026-01-01 21:02:55.182,RENNES,SIMPLE,2025,2,21,2982,False
6956e0f733e2abe4be8bd214,6956e0fe33e2abe4be8bd906,2025-01-30,2025-02-01,"[ObjectId('6956e0fd33e2abe4be8bd470'), ObjectId('6956e0fd33e2abe4be8bd464'), ObjectId('6956e0fd33e2abe4be8bd466')]",1486,TERMINEE,2025-01-30,2026-01-01 21:02:55.187,BORDEAUX,DELUXE,2025,1,30,1486,False
6956e0f533e2abe4be8bd1ec,6956e0fe33e2abe4be8bd948,2025-01-19,2025-01-25,[],2292,TERMINEE,2025-01-19,2026-01-01 21:02:55.195,LYON,DELUXE,2025,1,19,2292,False
6956e0f933e2abe4be8bd246,6956e0fd33e2abe4be8bd4d2,2024-12-25,2024-12-28,"[ObjectId('6956e0fd33e2abe4be8bd2f5'), ObjectId('6956e0fd33e2abe4be8bd301')]",2139,TERMINEE,2024-12-25,2026-01-01 21:02:55.199,SAINT-TROPEZ,DELUXE,2024,12,25,2139,False
6956e0fb33e2abe4be8bd27e,6956e0fe33e2abe4be8bd940,2024-12-07,2024-12-11,"[ObjectId('6956e0fd33e2abe4be8bd47f'), ObjectId('6956e0fd33e2abe4be8bd485')]",1324,TERMINEE,2024-12-07,2026-01-01 21:02:55.206,LYON,SUITE,2024,12,7,1324,False
6956e0f933e2abe4be8bd25a,6956e0fe33e2abe4be8bd7d6,2025-01-30,2025-01-31,[ObjectId('6956e0fd33e2abe4be8bd408')],291,TERMINEE,2025-01-30,2026-01-01 21:02:55.214,CHAMONIX,DELUXE,2025,1,30,291,False
6956e0fb33e2abe4be8bd27a,6956e0fe33e2abe4be8bd930,2025-01-27,2025-02-03,"[ObjectId('6956e0fd33e2abe4be8bd483'), ObjectId('6956e0fd33e2abe4be8bd47f'), ObjectId('6956e0fd33e2abe4be8bd47b')]",1967,TERMINEE,2025-01-27,2026-01-01 21:02:55.223,LYON,DOUBLE,2025,1,27,1967,False
6956e0f633e2abe4be8bd208,6956e0fe33e2abe4be8bd8ea,2024-12-14,2024-12-16,[],974,TERMINEE,2024-12-14,2026-01-01 21:02:55.228,BORDEAUX,DOUBLE,2024,12,14,974,False
6956e0f533e2abe4be8bd1ea,6956e0fd33e2abe4be8bd554,2025-02-25,2025-02-27,[ObjectId('6956e0fd33e2abe4be8bd323')],768,TERMINEE,2025-02-25,2026-01-01 21:02:55.236,RENNES,DOUBLE,2025,2,25,768,False
6956e0fb33e2abe4be8bd280,6956e0fe33e2abe4be8bd7ae,2024-12-16,2024-12-21,"[ObjectId('6956e0fd33e2abe4be8bd3fb'), ObjectId('6956e0fd33e2abe4be8bd3f7')]",1885,TERMINEE,2024-12-16,2026-01-01 21:02:55.238,LYON,DOUBLE,2024,12,16,1885,False
6956e0f833e2abe4be8bd22e,6956e0fe33e2abe4be8bd7ca,2024-12-29,2024-12-31,"[ObjectId('6956e0fd33e2abe4be8bd3fb'), ObjectId('6956e0fd33e2abe4be8bd3f7')]",854,TERMINEE,2024-12-29,2026-01-01 21:02:55.252,LYON,SUITE,2024,12,29,854,False
6956e0f633e2abe4be8bd1f8,6956e0fd33e2abe4be8bd4c2,2024-12-14,2024-12-20,[ObjectId('6956e0fd33e2abe4be8bd2ef')],2676,TERMINEE,2024-12-14,2026-01-01 21:02:55.257,SAINT-TROPEZ,SIMPLE,2024,12,14,2676,False
6956e0f733e2abe4be8bd21a,6956e0fd33e2abe4be8bd618,2024-12-05,2024-12-12,"[ObjectId('6956e0fd33e2abe4be8bd385'), ObjectId('6956e0fd33e2abe4be8bd381')]",3178,TERMINEE,2024-12-05,2026-01-01 21:02:55.265,LYON,SUITE,2024,12,5,3178,False
6956e0fd33e2abe4be8bd2a6,6956e0fd33e2abe4be8bd690,2024-10-17,2024-10-18,[],85,TERMINEE,2024-10-17,2026-01-01 21:02:55.270,SAINT-TROPEZ,SUITE,2024,10,17,85,False
6956e0f933e2abe4be8bd24a,6956e0fe33e2abe4be8bd8d2,2024-12-01,2024-12-06,"[ObjectId('6956e0fd33e2abe4be8bd464'), ObjectId('6956e0fd33e2abe4be8bd460')]",1815,TERMINEE,2024-12-01,2026-01-01 21:02:55.276,BORDEAUX,DELUXE,2024,12,1,1815,False
6956e0f833e2abe4be8bd236,6956e0fd33e2abe4be8bd660,2025-01-08,2025-01-13,[],1845,TERMINEE,2025-01-08,2026-01-01 21:02:55.279,SAINT-TROPEZ,SUITE,2025,1,8,1845,False
6956e0f733e2abe4be8bd21c,6956e0fd33e2abe4be8bd5ec,2024-10-21,2024-10-23,[],832,TERMINEE,2024-10-21,2026-01-01 21:02:55.282,MEGEVE,SIMPLE,2024,10,21,832,False
6956e0f633e2abe4be8bd206,6956e0fd33e2abe4be8bd610,2025-01-29,2025-02-04,"[ObjectId('6956e0fd33e2abe4be8bd366'), ObjectId('6956e0fd33e2abe4be8bd35e')]",4482,TERMINEE,2025-01-29,2026-01-01 21:02:55.287,MEGEVE,DELUXE,2025,1,29,4482,False
