_id,hotel,numero,type,capacite,prix,vue,statut,createdAt,updatedAt,__v
6956e0fd33e2abe4be8bd488,6956e0fd33e2abe4be8bd2ac,101,DELUXE,4,91,ville,MAINTENANCE,2026-01-01 21:02:53.586,2026-01-01 21:02:53.586,0
6956e0fd33e2abe4be8bd48a,6956e0fd33e2abe4be8bd2ac,102,DOUBLE,2,104,cour intérieure,MAINTENANCE,2026-01-01 21:02:53.597,2026-01-01 21:02:53.597,0
6956e0fd33e2abe4be8bd48c,6956e0fd33e2abe4be8bd2ac,103,SUITE,3,441,mer,OCCUPEE,2026-01-01 21:02:53.598,2026-01-01 21:02:53.598,0
6956e0fd33e2abe4be8bd48e,6956e0fd33e2abe4be8bd2ac,104,DOUBLE,2,269,montagne,DISPONIBLE,2026-01-01 21:02:53.600,2026-01-01 21:02:53.600,0
6956e0fd33e2abe4be8bd490,6956e0fd33e2abe4be8bd2ac,105,SUITE,3,435,panoramique,OCCUPEE,2026-01-01 21:02:53.601,2026-01-01 21:02:53.601,0
6956e0fd33e2abe4be8bd492,6956e0fd33e2abe4be8bd2ac,106,SUITE,3,249,jardin,DISPONIBLE,2026-01-01 21:02:53.602,2026-01-01 21:02:53.602,0
6956e0fd33e2abe4be8bd494,6956e0fd33e2abe4be8bd2ac,107,DELUXE,4,306,montagne,OCCUPEE,2026-01-01 21:02:53.603,2026-01-01 21:02:53.603,0
6956e0fd33e2abe4be8bd496,6956e0fd33e2abe4be8bd2ac,108,SIMPLE,1,422,jardin,OCCUPEE,2026-01-01 21:02:53.604,2026-01-01 21:02:53.604,0
6956e0fd33e2abe4be8bd498,6956e0fd33e2abe4be8bd2ac,109,DOUBLE,2,331,ville,DISPONIBLE,2026-01-01 21:02:53.605,2026-01-01 21:02:53.605,0
6956e0fd33e2abe4be8bd49a,6956e0fd33e2abe4be8bd2ac,210,DOUBLE,2,303,cour intérieure,DISPONIBLE,2026-01-01 21:02:53.606,2026-01-01 21:02:53.606,0
6956e0fd33e2abe4be8bd49c,6956e0fd33e2abe4be8bd2ac,201,SIMPLE,1,253,montagne,OCCUPEE,2026-01-01 21:02:53.608,2026-01-01 21:02:53.608,0
6956e0fd33e2abe4be8bd49e,6956e0fd33e2abe4be8bd2ac,202,DOUBLE,2,364,ville,DISPONIBLE,2026-01-01 21:02:53.609,2026-01-01 21:02:53.609,0
6956e0fd33e2abe4be8bd4a0,6956e0fd33e2abe4be8bd2ac,203,DOUBLE,2,183,panoramique,DISPONIBLE,2026-01-01 21:02:53.610,2026-01-01 21:02:53.610,0
6956e0fd33e2abe4be8bd4a2,6956e0fd33e2abe4be8bd2ac,204,SIMPLE,1,243,panoramique,MAINTENANCE,2026-01-01 21:02:53.612,2026-01-01 21:02:53.612,0
6956e0fd33e2abe4be8bd4a4,6956e0fd33e2abe4be8bd2ac,205,SUITE,3,298,ville,MAINTENANCE,2026-01-01 21:02:53.614,2026-01-01 21:02:53.614,0
6956e0fd33e2abe4be8bd4a6,6956e0fd33e2abe4be8bd2ac,206,SIMPLE,1,200,mer,MAINTENANCE,2026-01-01 21:02:53.616,2026-01-01 21:02:53.616,0
6956e0fd33e2abe4be8bd4a8,6956e0fd33e2abe4be8bd2ac,207,DOUBLE,2,300,panoramique,OCCUPEE,2026-01-01 21:02:53.618,2026-01-01 21:02:53.618,0
6956e0fd33e2abe4be8bd4aa,6956e0fd33e2abe4be8bd2ac,208,SIMPLE,1,123,ville,MAINTENANCE,2026-01-01 21:02:53.620,2026-01-01 21:02:53.620,0
6956e0fd33e2abe4be8bd4ac,6956e0fd33e2abe4be8bd2ac,209,SUITE,3,228,jardin,DISPONIBLE,2026-01-01 21:02:53.621,2026-01-01 21:02:53.621,0
6956e0fd33e2abe4be8bd4ae,6956e0fd33e2abe4be8bd2ac,310,DOUBLE,2,108,cour intérieure,MAINTENANCE,2026-01-01 21:02:53.622,2026-01-01 21:02:53.622,0
6956e0fd33e2abe4be8bd4b0,6956e0fd33e2abe4be8bd2ac,301,DOUBLE,2,169,cour intérieure,OCCUPEE,2026-01-01 21:02:53.624,2026-01-01 21:02:53.624,0
6956e0fd33e2abe4be8bd4b2,6956e0fd33e2abe4be8bd2ac,302,DELUXE,4,452,jardin,OCCUPEE,2026-01-01 21:02:53.626,2026-01-01 21:02:53.626,0
6956e0fd33e2abe4be8bd4b4,6956e0fd33e2abe4be8bd2ac,303,DOUBLE,2,233,cour intérieure,DISPONIBLE,2026-01-01 21:02:53.627,2026-01-01 21:02:53.627,0
6956e0fd33e2abe4be8bd4b6,6956e0fd33e2abe4be8bd2ac,304,DOUBLE,2,410,ville,MAINTENANCE,2026-01-01 21:02:53.629,2026-01-01 21:02:53.629,0
6956e0fd33e2abe4be8bd4b8,6956e0fd33e2abe4be8bd2ac,305,SUITE,3,281,mer,OCCUPEE,2026-01-01 21:02:53.629,2026-01-01 21:02:53.629,0
6956e0fd33e2abe4be8bd4ba,6956e0fd33e2abe4be8bd2ac,306,DELUXE,4,363,mer,MAINTENANCE,2026-01-01 21:02:53.630,2026-01-01 21:02:53.630,0
6956e0fd33e2abe4be8bd4bc,6956e0fd33e2abe4be8bd2ae,101,DOUBLE,2,489,panoramique,DISPONIBLE,2026-01-01 21:02:53.631,2026-01-01 21:02:53.631,0
6956e0fd33e2abe4be8bd4be,6956e0fd33e2abe4be8bd2ae,102,SUITE,3,186,panoramique,DISPONIBLE,2026-01-01 21:02:53.632,2026-01-01 21:02:53.632,0
6956e0fd33e2abe4be8bd4c0,6956e0fd33e2abe4be8bd2ae,103,SIMPLE,1,277,panoramique,OCCUPEE,2026-01-01 21:02:53.633,2026-01-01 21:02:53.633,0
6956e0fd33e2abe4be8bd4c2,6956e0fd33e2abe4be8bd2ae,104,SIMPLE,1,203,montagne,DISPONIBLE,2026-01-01 21:02:53.634,2026-01-01 21:02:53.634,0
6956e0fd33e2abe4be8bd4c4,6956e0fd33e2abe4be8bd2ae,105,DELUXE,4,405,panoramique,MAINTENANCE,2026-01-01 21:02:53.635,2026-01-01 21:02:53.635,0
6956e0fd33e2abe4be8bd4c6,6956e0fd33e2abe4be8bd2ae,106,DOUBLE,2,256,panoramique,DISPONIBLE,2026-01-01 21:02:53.636,2026-01-01 21:02:53.636,0
6956e0fd33e2abe4be8bd4c8,6956e0fd33e2abe4be8bd2ae,107,DELUXE,4,407,montagne,OCCUPEE,2026-01-01 21:02:53.637,2026-01-01 21:02:53.637,0
6956e0fd33e2abe4be8bd4ca,6956e0fd33e2abe4be8bd2ae,108,DELUXE,4,160,jardin,OCCUPEE,2026-01-01 21:02:53.638,2026-01-01 21:02:53.638,0
6956e0fd33e2abe4be8bd4cc,6956e0fd33e2abe4be8bd2ae,109,SIMPLE,1,290,cour intérieure,OCCUPEE,2026-01-01 21:02:53.640,2026-01-01 21:02:53.640,0
6956e0fd33e2abe4be8bd4ce,6956e0fd33e2abe4be8bd2ae,210,DELUXE,4,242,montagne,MAINTENANCE,2026-01-01 21:02:53.642,2026-01-01 21:02:53.642,0
6956e0fd33e2abe4be8bd4d0,6956e0fd33e2abe4be8bd2ae,201,SIMPLE,1,418,mer,MAINTENANCE,2026-01-01 21:02:53.643,2026-01-01 21:02:53.643,0
6956e0fd33e2abe4be8bd4d2,6956e0fd33e2abe4be8bd2ae,202,DELUXE,4,482,cour intérieure,MAINTENANCE,2026-01-01 21:02:53.645,2026-01-01 21:02:53.645,0
6956e0fd33e2abe4be8bd4d4,6956e0fd33e2abe4be8bd2ae,203,DELUXE,4,367,jardin,DISPONIBLE,2026-01-01 21:02:53.647,2026-01-01 21:02:53.647,0
6956e0fd33e2abe4be8bd4d6,6956e0fd33e2abe4be8bd2ae,204,SUITE,3,210,cour intérieure,OCCUPEE,2026-01-01 21:02:53.648,2026-01-01 21:02:53.648,0
6956e0fd33e2abe4be8bd4d8,6956e0fd33e2abe4be8bd2ae,205,DELUXE,4,386,mer,DISPONIBLE,2026-01-01 21:02:53.649,2026-01-01 21:02:53.649,0
6956e0fd33e2abe4be8bd4da,6956e0fd33e2abe4be8bd2ae,206,DOUBLE,2,83,montagne,MAINTENANCE,2026-01-01 21:02:53.650,2026-01-01 21:02:53.650,0
6956e0fd33e2abe4be8bd4dc,6956e0fd33e2abe4be8bd2ae,207,DOUBLE,2,445,cour intérieure,MAINTENANCE,2026-01-01 21:02:53.651,2026-01-01 21:02:53.651,0
6956e0fd33e2abe4be8bd4de,6956e0fd33e2abe4be8bd2ae,208,DELUXE,4,165,ville,MAINTENANCE,2026-01-01 21:02:53.652,2026-01-01 21:02:53.652,0
6956e0fd33e2abe4be8bd4e0,6956e0fd33e2abe4be8bd2ae,209,DELUXE,4,479,montagne,OCCUPEE,2026-01-01 21:02:53.652,2026-01-01 21:02:53.652,0
6956e0fd33e2abe4be8bd4e2,6956e0fd33e2abe4be8bd2ae,310,DELUXE,4,479,ville,MAINTENANCE,2026-01-01 21:02:53.654,2026-01-01 21:02:53.654,0
6956e0fd33e2abe4be8bd4e4,6956e0fd33e2abe4be8bd2ae,301,DOUBLE,2,445,jardin,DISPONIBLE,2026-01-01 21:02:53.655,2026-01-01 21:02:53.655,0
6956e0fd33e2abe4be8bd4e6,6956e0fd33e2abe4be8bd2ae,302,SUITE,3,391,ville,MAINTENANCE,2026-01-01 21:02:53.657,2026-01-01 21:02:53.657,0
6956e0fd33e2abe4be8bd4e8,6956e0fd33e2abe4be8bd2ae,303,SUITE,3,293,montagne,DISPONIBLE,2026-01-01 21:02:53.658,2026-01-01 21:02:53.658,0
6956e0fd33e2abe4be8bd4ea,6956e0fd33e2abe4be8bd2ae,304,DOUBLE,2,492,jardin,MAINTENANCE,2026-01-01 21:02:53.661,2026-01-01 21:02:53.661,0
6956e0fd33e2abe4be8bd4ec,6956e0fd33e2abe4be8bd2ae,305,DOUBLE,2,327,jardin,OCCUPEE,2026-01-01 21:02:53.663,2026-01-01 21:02:53.663,0
6956e0fd33e2abe4be8bd4ee,6956e0fd33e2abe4be8bd2ae,306,DELUXE,4,497,jardin,OCCUPEE,2026-01-01 21:02:53.666,2026-01-01 21:02:53.666,0
6956e0fd33e2abe4be8bd4f0,6956e0fd33e2abe4be8bd2ae,307,SUITE,3,464,montagne,DISPONIBLE,2026-01-01 21:02:53.668,2026-01-01 21:02:53.668,0
6956e0fd33e2abe4be8bd4f2,6956e0fd33e2abe4be8bd2ae,308,DOUBLE,2,188,cour intérieure,DISPONIBLE,2026-01-01 21:02:53.670,2026-01-01 21:02:53.670,0
6956e0fd33e2abe4be8bd4f4,6956e0fd33e2abe4be8bd2ae,309,SIMPLE,1,157,montagne,DISPONIBLE,2026-01-01 21:02:53.673,2026-01-01 21:02:53.673,0
6956e0fd33e2abe4be8bd4f6,6956e0fd33e2abe4be8bd2ae,410,SIMPLE,1,232,jardin,MAINTENANCE,2026-01-01 21:02:53.675,2026-01-01 21:02:53.675,0
6956e0fd33e2abe4be8bd4f8,6956e0fd33e2abe4be8bd2ae,401,SIMPLE,1,113,jardin,DISPONIBLE,2026-01-01 21:02:53.678,2026-01-01 21:02:53.678,0
6956e0fd33e2abe4be8bd4fa,6956e0fd33e2abe4be8bd2ae,402,SUITE,3,472,ville,DISPONIBLE,2026-01-01 21:02:53.680,2026-01-01 21:02:53.680,0
6956e0fd33e2abe4be8bd4fc,6956e0fd33e2abe4be8bd2b0,101,SIMPLE,1,99,mer,DISPONIBLE,2026-01-01 21:02:53.681,2026-01-01 21:02:53.681,0
6956e0fd33e2abe4be8bd4fe,6956e0fd33e2abe4be8bd2b0,102,SUITE,3,92,cour intérieure,MAINTENANCE,2026-01-01 21:02:53.683,2026-01-01 21:02:53.683,0
6956e0fd33e2abe4be8bd500,6956e0fd33e2abe4be8bd2b0,103,DELUXE,4,456,cour intérieure,DISPONIBLE,2026-01-01 21:02:53.684,2026-01-01 21:02:53.684,0
6956e0fd33e2abe4be8bd502,6956e0fd33e2abe4be8bd2b0,104,SUITE,3,217,panoramique,MAINTENANCE,2026-01-01 21:02:53.686,2026-01-01 21:02:53.686,0
6956e0fd33e2abe4be8bd504,6956e0fd33e2abe4be8bd2b0,105,DELUXE,4,252,jardin,MAINTENANCE,2026-01-01 21:02:53.687,2026-01-01 21:02:53.687,0
6956e0fd33e2abe4be8bd506,6956e0fd33e2abe4be8bd2b0,106,DOUBLE,2,452,montagne,DISPONIBLE,2026-01-01 21:02:53.688,2026-01-01 21:02:53.688,0
6956e0fd33e2abe4be8bd508,6956e0fd33e2abe4be8bd2b0,107,DELUXE,4,377,cour intérieure,MAINTENANCE,2026-01-01 21:02:53.689,2026-01-01 21:02:53.689,0
6956e0fd33e2abe4be8bd50a,6956e0fd33e2abe4be8bd2b0,108,SUITE,3,93,panoramique,MAINTENANCE,2026-01-01 21:02:53.691,2026-01-01 21:02:53.691,0
6956e0fd33e2abe4be8bd50c,6956e0fd33e2abe4be8bd2b0,109,SIMPLE,1,256,mer,MAINTENANCE,2026-01-01 21:02:53.693,2026-01-01 21:02:53.693,0
6956e0fd33e2abe4be8bd50e,6956e0fd33e2abe4be8bd2b0,210,SIMPLE,1,134,mer,OCCUPEE,2026-01-01 21:02:53.694,2026-01-01 21:02:53.694,0
6956e0fd33e2abe4be8bd510,6956e0fd33e2abe4be8bd2b0,201,SUITE,3,409,jardin,MAINTENANCE,2026-01-01 21:02:53.696,2026-01-01 21:02:53.696,0
6956e0fd33e2abe4be8bd512,6956e0fd33e2abe4be8bd2b0,202,SUITE,3,129,cour intérieure,DISPONIBLE,2026-01-01 21:02:53.697,2026-01-01 21:02:53.697,0
6956e0fd33e2abe4be8bd514,6956e0fd33e2abe4be8bd2b0,203,DOUBLE,2,376,jardin,MAINTENANCE,2026-01-01 21:02:53.698,2026-01-01 21:02:53.698,0
6956e0fd33e2abe4be8bd516,6956e0fd33e2abe4be8bd2b0,204,SIMPLE,1,404,ville,DISPONIBLE,2026-01-01 21:02:53.699,2026-01-01 21:02:53.699,0
6956e0fd33e2abe4be8bd518,6956e0fd33e2abe4be8bd2b0,205,DELUXE,4,196,panoramique,DISPONIBLE,2026-01-01 21:02:53.701,2026-01-01 21:02:53.701,0
6956e0fd33e2abe4be8bd51a,6956e0fd33e2abe4be8bd2b0,206,DOUBLE,2,407,jardin,MAINTENANCE,2026-01-01 21:02:53.702,2026-01-01 21:02:53.702,0
6956e0fd33e2abe4be8bd51c,6956e0fd33e2abe4be8bd2b0,207,DOUBLE,2,426,panoramique,DISPONIBLE,2026-01-01 21:02:53.703,2026-01-01 21:02:53.703,0
6956e0fd33e2abe4be8bd51e,6956e0fd33e2abe4be8bd2b0,208,DOUBLE,2,383,cour intérieure,DISPONIBLE,2026-01-01 21:02:53.704,2026-01-01 21:02:53.704,0
6956e0fd33e2abe4be8bd520,6956e0fd33e2abe4be8bd2b0,209,SUITE,3,325,panoramique,MAINTENANCE,2026-01-01 21:02:53.704,2026-01-01 21:02:53.704,0
6956e0fd33e2abe4be8bd522,6956e0fd33e2abe4be8bd2b0,310,SIMPLE,1,188,panoramique,MAINTENANCE,2026-01-01 21:02:53.705,2026-01-01 21:02:53.705,0
6956e0fd33e2abe4be8bd524,6956e0fd33e2abe4be8bd2b0,301,DELUXE,4,318,ville,MAINTENANCE,2026-01-01 21:02:53.707,2026-01-01 21:02:53.707,0
6956e0fd33e2abe4be8bd526,6956e0fd33e2abe4be8bd2b0,302,DELUXE,4,257,montagne,DISPONIBLE,2026-01-01 21:02:53.708,2026-01-01 21:02:53.708,0
6956e0fd33e2abe4be8bd528,6956e0fd33e2abe4be8bd2b0,303,SIMPLE,1,306,panoramique,OCCUPEE,2026-01-01 21:02:53.708,2026-01-01 21:02:53.708,0
6956e0fd33e2abe4be8bd52a,6956e0fd33e2abe4be8bd2b0,304,DOUBLE,2,248,cour intérieure,DISPONIBLE,2026-01-01 21:02:53.709,2026-01-01 21:02:53.709,0
6956e0fd33e2abe4be8bd52c,6956e0fd33e2abe4be8bd2b0,305,DELUXE,4,291,jardin,DISPONIBLE,2026-01-01 21:02:53.710,2026-01-01 21:02:53.710,0
6956e0fd33e2abe4be8bd52e,6956e0fd33e2abe4be8bd2b0,306,DOUBLE,2,307,mer,OCCUPEE,2026-01-01 21:02:53.711,2026-01-01 21:02:53.711,0
6956e0fd33e2abe4be8bd530,6956e0fd33e2abe4be8bd2b0,307,SUITE,3,304,cour intérieure,OCCUPEE,2026-01-01 21:02:53.713,2026-01-01 21:02:53.713,0
6956e0fd33e2abe4be8bd532,6956e0fd33e2abe4be8bd2b0,308,DELUXE,4,196,mer,OCCUPEE,2026-01-01 21:02:53.714,2026-01-01 21:02:53.714,0
6956e0fd33e2abe4be8bd534,6956e0fd33e2abe4be8bd2b2,101,SUITE,3,116,ville,MAINTENANCE,2026-01-01 21:02:53.716,2026-01-01 21:02:53.716,0
6956e0fd33e2abe4be8bd536,6956e0fd33e2abe4be8bd2b2,102,DELUXE,4,161,cour intérieure,DISPONIBLE,2026-01-01 21:02:53.716,2026-01-01 21:02:53.716,0
6956e0fd33e2abe4be8bd538,6956e0fd33e2abe4be8bd2b2,103,SUITE,3,346,mer,OCCUPEE,2026-01-01 21:02:53.718,2026-01-01 21:02:53.718,0
6956e0fd33e2abe4be8bd53a,6956e0fd33e2abe4be8bd2b2,104,SIMPLE,1,226,panoramique,MAINTENANCE,2026-01-01 21:02:53.718,2026-01-01 21:02:53.718,0
6956e0fd33e2abe4be8bd53c,6956e0fd33e2abe4be8bd2b2,105,SIMPLE,1,229,cour intérieure,MAINTENANCE,2026-01-01 21:02:53.719,2026-01-01 21:02:53.719,0
6956e0fd33e2abe4be8bd53e,6956e0fd33e2abe4be8bd2b2,106,SUITE,3,358,mer,DISPONIBLE,2026-01-01 21:02:53.720,2026-01-01 21:02:53.720,0
6956e0fd33e2abe4be8bd540,6956e0fd33e2abe4be8bd2b2,107,DOUBLE,2,192,ville,OCCUPEE,2026-01-01 21:02:53.722,2026-01-01 21:02:53.722,0
6956e0fd33e2abe4be8bd542,6956e0fd33e2abe4be8bd2b2,108,SUITE,3,157,cour intérieure,OCCUPEE,2026-01-01 21:02:53.724,2026-01-01 21:02:53.724,0
6956e0fd33e2abe4be8bd544,6956e0fd33e2abe4be8bd2b2,109,DOUBLE,2,384,mer,OCCUPEE,2026-01-01 21:02:53.725,2026-01-01 21:02:53.725,0
6956e0fd33e2abe4be8bd546,6956e0fd33e2abe4be8bd2b2,210,SUITE,3,148,montagne,OCCUPEE,2026-01-01 21:02:53.727,2026-01-01 21:02:53.727,0
6956e0fd33e2abe4be8bd548,6956e0fd33e2abe4be8bd2b2,201,SIMPLE,1,183,montagne,MAINTENANCE,2026-01-01 21:02:53.728,2026-01-01 21:02:53.728,0
6956e0fd33e2abe4be8bd54a,6956e0fd33e2abe4be8bd2b2,202,DOUBLE,2,190,montagne,OCCUPEE,2026-01-01 21:02:53.729,2026-01-01 21:02:53.729,0
6956e0fd33e2abe4be8bd54c,6956e0fd33e2abe4be8bd2b2,203,DELUXE,4,180,ville,OCCUPEE,2026-01-01 21:02:53.729,2026-01-01 21:02:53.729,0
6956e0fd33e2abe4be8bd54e,6956e0fd33e2abe4be8bd2b2,204,DOUBLE,2,377,cour intérieure,OCCUPEE,2026-01-01 21:02:53.730,2026-01-01 21:02:53.730,0
6956e0fd33e2abe4be8bd550,6956e0fd33e2abe4be8bd2b2,205,DOUBLE,2,241,montagne,MAINTENANCE,2026-01-01 21:02:53.732,2026-01-01 21:02:53.732,0
6956e0fd33e2abe4be8bd552,6956e0fd33e2abe4be8bd2b2,206,SUITE,3,256,panoramique,DISPONIBLE,2026-01-01 21:02:53.733,2026-01-01 21:02:53.733,0
6956e0fd33e2abe4be8bd554,6956e0fd33e2abe4be8bd2b2,207,DOUBLE,2,221,cour intérieure,MAINTENANCE,2026-01-01 21:02:53.734,2026-01-01 21:02:53.734,0
6956e0fd33e2abe4be8bd556,6956e0fd33e2abe4be8bd2b2,208,SUITE,3,159,cour intérieure,DISPONIBLE,2026-01-01 21:02:53.735,2026-01-01 21:02:53.735,0
6956e0fd33e2abe4be8bd558,6956e0fd33e2abe4be8bd2b2,209,DOUBLE,2,160,mer,MAINTENANCE,2026-01-01 21:02:53.736,2026-01-01 21:02:53.736,0
6956e0fd33e2abe4be8bd55a,6956e0fd33e2abe4be8bd2b2,310,SIMPLE,1,258,jardin,OCCUPEE,2026-01-01 21:02:53.737,2026-01-01 21:02:53.737,0
6956e0fd33e2abe4be8bd55c,6956e0fd33e2abe4be8bd2b2,301,SUITE,3,280,jardin,DISPONIBLE,2026-01-01 21:02:53.738,2026-01-01 21:02:53.738,0
6956e0fd33e2abe4be8bd55e,6956e0fd33e2abe4be8bd2b2,302,SIMPLE,1,424,mer,MAINTENANCE,2026-01-01 21:02:53.739,2026-01-01 21:02:53.739,0
6956e0fd33e2abe4be8bd560,6956e0fd33e2abe4be8bd2b2,303,SIMPLE,1,377,montagne,OCCUPEE,2026-01-01 21:02:53.740,2026-01-01 21:02:53.740,0
6956e0fd33e2abe4be8bd562,6956e0fd33e2abe4be8bd2b2,304,DOUBLE,2,430,mer,OCCUPEE,2026-01-01 21:02:53.740,2026-01-01 21:02:53.740,0
6956e0fd33e2abe4be8bd564,6956e0fd33e2abe4be8bd2b2,305,SIMPLE,1,365,ville,MAINTENANCE,2026-01-01 21:02:53.741,2026-01-01 21:02:53.741,0
6956e0fd33e2abe4be8bd566,6956e0fd33e2abe4be8bd2b2,306,DELUXE,4,375,mer,OCCUPEE,2026-01-01 21:02:53.742,2026-01-01 21:02:53.742,0
6956e0fd33e2abe4be8bd568,6956e0fd33e2abe4be8bd2b2,307,SUITE,3,458,jardin,MAINTENANCE,2026-01-01 21:02:53.743,2026-01-01 21:02:53.743,0
6956e0fd33e2abe4be8bd56a,6956e0fd33e2abe4be8bd2b2,308,SUITE,3,135,montagne,DISPONIBLE,2026-01-01 21:02:53.744,2026-01-01 21:02:53.744,0
6956e0fd33e2abe4be8bd56c,6956e0fd33e2abe4be8bd2b2,309,SUITE,3,247,panoramique,DISPONIBLE,2026-01-01 21:02:53.745,2026-01-01 21:02:53.745,0
6956e0fd33e2abe4be8bd56e,6956e0fd33e2abe4be8bd2b2,410,DOUBLE,2,450,jardin,DISPONIBLE,2026-01-01 21:02:53.746,2026-01-01 21:02:53.746,0
6956e0fd33e2abe4be8bd570,6956e0fd33e2abe4be8bd2b2,401,DELUXE,4,463,montagne,DISPONIBLE,2026-01-01 21:02:53.747,2026-01-01 21:02:53.747,0
6956e0fd33e2abe4be8bd572,6956e0fd33e2abe4be8bd2b4,101,DOUBLE,2,157,cour intérieure,MAINTENANCE,2026-01-01 21:02:53.748,2026-01-01 21:02:53.748,0
6956e0fd33e2abe4be8bd574,6956e0fd33e2abe4be8bd2b4,102,DELUXE,4,86,montagne,DISPONIBLE,2026-01-01 21:02:53.748,2026-01-01 21:02:53.748,0
6956e0fd33e2abe4be8bd576,6956e0fd33e2abe4be8bd2b4,103,DELUXE,4,140,ville,MAINTENANCE,2026-01-01 21:02:53.749,2026-01-01 21:02:53.749,0
6956e0fd33e2abe4be8bd578,6956e0fd33e2abe4be8bd2b4,104,SUITE,3,420,cour intérieure,DISPONIBLE,2026-01-01 21:02:53.750,2026-01-01 21:02:53.750,0
6956e0fd33e2abe4be8bd57a,6956e0fd33e2abe4be8bd2b4,105,DOUBLE,2,271,panoramique,DISPONIBLE,2026-01-01 21:02:53.751,2026-01-01 21:02:53.751,0
6956e0fd33e2abe4be8bd57c,6956e0fd33e2abe4be8bd2b4,106,DOUBLE,2,239,cour intérieure,MAINTENANCE,2026-01-01 21:02:53.752,2026-01-01 21:02:53.752,0
6956e0fd33e2abe4be8bd57e,6956e0fd33e2abe4be8bd2b4,107,SIMPLE,1,154,jardin,DISPONIBLE,2026-01-01 21:02:53.755,2026-01-01 21:02:53.755,0
6956e0fd33e2abe4be8bd580,6956e0fd33e2abe4be8bd2b4,108,DOUBLE,2,484,jardin,MAINTENANCE,2026-01-01 21:02:53.756,2026-01-01 21:02:53.756,0
6956e0fd33e2abe4be8bd582,6956e0fd33e2abe4be8bd2b4,109,DELUXE,4,484,jardin,DISPONIBLE,2026-01-01 21:02:53.758,2026-01-01 21:02:53.758,0
6956e0fd33e2abe4be8bd584,6956e0fd33e2abe4be8bd2b4,210,DOUBLE,2,183,panoramique,DISPONIBLE,2026-01-01 21:02:53.759,2026-01-01 21:02:53.759,0
6956e0fd33e2abe4be8bd586,6956e0fd33e2abe4be8bd2b4,201,DELUXE,4,142,montagne,MAINTENANCE,2026-01-01 21:02:53.761,2026-01-01 21:02:53.761,0
6956e0fd33e2abe4be8bd588,6956e0fd33e2abe4be8bd2b4,202,SUITE,3,336,montagne,MAINTENANCE,2026-01-01 21:02:53.762,2026-01-01 21:02:53.762,0
6956e0fd33e2abe4be8bd58a,6956e0fd33e2abe4be8bd2b4,203,SIMPLE,1,493,montagne,MAINTENANCE,2026-01-01 21:02:53.764,2026-01-01 21:02:53.764,0
6956e0fd33e2abe4be8bd58c,6956e0fd33e2abe4be8bd2b4,204,SIMPLE,1,360,jardin,OCCUPEE,2026-01-01 21:02:53.765,2026-01-01 21:02:53.765,0
6956e0fd33e2abe4be8bd58e,6956e0fd33e2abe4be8bd2b4,205,DELUXE,4,202,panoramique,OCCUPEE,2026-01-01 21:02:53.766,2026-01-01 21:02:53.766,0
6956e0fd33e2abe4be8bd590,6956e0fd33e2abe4be8bd2b4,206,SUITE,3,401,ville,DISPONIBLE,2026-01-01 21:02:53.767,2026-01-01 21:02:53.767,0
6956e0fd33e2abe4be8bd592,6956e0fd33e2abe4be8bd2b4,207,SUITE,3,352,montagne,DISPONIBLE,2026-01-01 21:02:53.768,2026-01-01 21:02:53.768,0
6956e0fd33e2abe4be8bd594,6956e0fd33e2abe4be8bd2b4,208,DELUXE,4,241,montagne,OCCUPEE,2026-01-01 21:02:53.770,2026-01-01 21:02:53.770,0
6956e0fd33e2abe4be8bd596,6956e0fd33e2abe4be8bd2b4,209,SIMPLE,1,386,ville,OCCUPEE,2026-01-01 21:02:53.772,2026-01-01 21:02:53.772,0
6956e0fd33e2abe4be8bd598,6956e0fd33e2abe4be8bd2b4,310,SIMPLE,1,372,montagne,DISPONIBLE,2026-01-01 21:02:53.773,2026-01-01 21:02:53.773,0
6956e0fd33e2abe4be8bd59a,6956e0fd33e2abe4be8bd2b4,301,SIMPLE,1,367,ville,MAINTENANCE,2026-01-01 21:02:53.774,2026-01-01 21:02:53.774,0
6956e0fd33e2abe4be8bd59c,6956e0fd33e2abe4be8bd2b4,302,DOUBLE,2,484,ville,OCCUPEE,2026-01-01 21:02:53.775,2026-01-01 21:02:53.775,0
6956e0fd33e2abe4be8bd59e,6956e0fd33e2abe4be8bd2b4,303,SUITE,3,461,panoramique,MAINTENANCE,2026-01-01 21:02:53.775,2026-01-01 21:02:53.775,0
6956e0fd33e2abe4be8bd5a0,6956e0fd33e2abe4be8bd2b4,304,DELUXE,4,211,panoramique,MAINTENANCE,2026-01-01 21:02:53.776,2026-01-01 21:02:53.776,0
6956e0fd33e2abe4be8bd5a2,6956e0fd33e2abe4be8bd2b4,305,DOUBLE,2,369,mer,OCCUPEE,2026-01-01 21:02:53.777,2026-01-01 21:02:53.777,0
6956e0fd33e2abe4be8bd5a4,6956e0fd33e2abe4be8bd2b4,306,SIMPLE,1,158,cour intérieure,MAINTENANCE,2026-01-01 21:02:53.778,2026-01-01 21:02:53.778,0
6956e0fd33e2abe4be8bd5a6,6956e0fd33e2abe4be8bd2b4,307,SUITE,3,476,cour intérieure,DISPONIBLE,2026-01-01 21:02:53.778,2026-01-01 21:02:53.778,0
6956e0fd33e2abe4be8bd5a8,6956e0fd33e2abe4be8bd2b6,101,SUITE,3,239,ville,DISPONIBLE,2026-01-01 21:02:53.779,2026-01-01 21:02:53.779,0
6956e0fd33e2abe4be8bd5aa,6956e0fd33e2abe4be8bd2b6,102,SUITE,3,118,jardin,DISPONIBLE,2026-01-01 21:02:53.780,2026-01-01 21:02:53.780,0
6956e0fd33e2abe4be8bd5ac,6956e0fd33e2abe4be8bd2b6,103,SUITE,3,175,montagne,OCCUPEE,2026-01-01 21:02:53.781,2026-01-01 21:02:53.781,0
6956e0fd33e2abe4be8bd5ae,6956e0fd33e2abe4be8bd2b6,104,DELUXE,4,265,ville,DISPONIBLE,2026-01-01 21:02:53.782,2026-01-01 21:02:53.782,0
6956e0fd33e2abe4be8bd5b0,6956e0fd33e2abe4be8bd2b6,105,DELUXE,4,420,ville,DISPONIBLE,2026-01-01 21:02:53.783,2026-01-01 21:02:53.783,0
6956e0fd33e2abe4be8bd5b2,6956e0fd33e2abe4be8bd2b6,106,SIMPLE,1,450,mer,OCCUPEE,2026-01-01 21:02:53.784,2026-01-01 21:02:53.784,0
6956e0fd33e2abe4be8bd5b4,6956e0fd33e2abe4be8bd2b6,107,SIMPLE,1,326,panoramique,MAINTENANCE,2026-01-01 21:02:53.785,2026-01-01 21:02:53.785,0
6956e0fd33e2abe4be8bd5b6,6956e0fd33e2abe4be8bd2b6,108,DOUBLE,2,162,jardin,OCCUPEE,2026-01-01 21:02:53.786,2026-01-01 21:02:53.786,0
6956e0fd33e2abe4be8bd5b8,6956e0fd33e2abe4be8bd2b6,109,SIMPLE,1,489,montagne,MAINTENANCE,2026-01-01 21:02:53.786,2026-01-01 21:02:53.786,0
6956e0fd33e2abe4be8bd5ba,6956e0fd33e2abe4be8bd2b6,210,SUITE,3,383,montagne,MAINTENANCE,2026-01-01 21:02:53.787,2026-01-01 21:02:53.787,0
6956e0fd33e2abe4be8bd5bc,6956e0fd33e2abe4be8bd2b6,201,SUITE,3,370,cour intérieure,OCCUPEE,2026-01-01 21:02:53.788,2026-01-01 21:02:53.788,0
6956e0fd33e2abe4be8bd5be,6956e0fd33e2abe4be8bd2b6,202,SUITE,3,196,cour intérieure,DISPONIBLE,2026-01-01 21:02:53.789,2026-01-01 21:02:53.789,0
6956e0fd33e2abe4be8bd5c0,6956e0fd33e2abe4be8bd2b6,203,SIMPLE,1,343,panoramique,OCCUPEE,2026-01-01 21:02:53.790,2026-01-01 21:02:53.790,0
6956e0fd33e2abe4be8bd5c2,6956e0fd33e2abe4be8bd2b6,204,DOUBLE,2,122,jardin,MAINTENANCE,2026-01-01 21:02:53.791,2026-01-01 21:02:53.791,0
6956e0fd33e2abe4be8bd5c4,6956e0fd33e2abe4be8bd2b6,205,DOUBLE,2,496,jardin,DISPONIBLE,2026-01-01 21:02:53.792,2026-01-01 21:02:53.792,0
6956e0fd33e2abe4be8bd5c6,6956e0fd33e2abe4be8bd2b6,206,SIMPLE,1,347,ville,DISPONIBLE,2026-01-01 21:02:53.792,2026-01-01 21:02:53.792,0
6956e0fd33e2abe4be8bd5c8,6956e0fd33e2abe4be8bd2b6,207,SIMPLE,1,107,ville,OCCUPEE,2026-01-01 21:02:53.793,2026-01-01 21:02:53.793,0
6956e0fd33e2abe4be8bd5ca,6956e0fd33e2abe4be8bd2b6,208,DELUXE,4,331,montagne,DISPONIBLE,2026-01-01 21:02:53.794,2026-01-01 21:02:53.794,0
6956e0fd33e2abe4be8bd5cc,6956e0fd33e2abe4be8bd2b6,209,DELUXE,4,167,panoramique,MAINTENANCE,2026-01-01 21:02:53.795,2026-01-01 21:02:53.795,0
6956e0fd33e2abe4be8bd5ce,6956e0fd33e2abe4be8bd2b6,310,SIMPLE,1,269,mer,MAINTENANCE,2026-01-01 21:02:53.795,2026-01-01 21:02:53.795,0
6956e0fd33e2abe4be8bd5d0,6956e0fd33e2abe4be8bd2b6,301,SIMPLE,1,397,montagne,OCCUPEE,2026-01-01 21:02:53.796,2026-01-01 21:02:53.796,0
6956e0fd33e2abe4be8bd5d2,6956e0fd33e2abe4be8bd2b6,302,SIMPLE,1,88,cour intérieure,OCCUPEE,2026-01-01 21:02:53.797,2026-01-01 21:02:53.797,0
6956e0fd33e2abe4be8bd5d4,6956e0fd33e2abe4be8bd2b6,303,DELUXE,4,141,jardin,DISPONIBLE,2026-01-01 21:02:53.798,2026-01-01 21:02:53.798,0
6956e0fd33e2abe4be8bd5d6,6956e0fd33e2abe4be8bd2b6,304,SIMPLE,1,388,cour intérieure,MAINTENANCE,2026-01-01 21:02:53.798,2026-01-01 21:02:53.798,0
6956e0fd33e2abe4be8bd5d8,6956e0fd33e2abe4be8bd2b6,305,SUITE,3,277,montagne,DISPONIBLE,2026-01-01 21:02:53.799,2026-01-01 21:02:53.799,0
6956e0fd33e2abe4be8bd5da,6956e0fd33e2abe4be8bd2b8,101,DOUBLE,2,234,montagne,MAINTENANCE,2026-01-01 21:02:53.800,2026-01-01 21:02:53.800,0
6956e0fd33e2abe4be8bd5dc,6956e0fd33e2abe4be8bd2b8,102,DOUBLE,2,375,montagne,OCCUPEE,2026-01-01 21:02:53.802,2026-01-01 21:02:53.802,0
6956e0fd33e2abe4be8bd5de,6956e0fd33e2abe4be8bd2b8,103,SUITE,3,137,mer,DISPONIBLE,2026-01-01 21:02:53.804,2026-01-01 21:02:53.804,0
6956e0fd33e2abe4be8bd5e0,6956e0fd33e2abe4be8bd2b8,104,DOUBLE,2,371,ville,OCCUPEE,2026-01-01 21:02:53.805,2026-01-01 21:02:53.805,0
6956e0fd33e2abe4be8bd5e2,6956e0fd33e2abe4be8bd2b8,105,SUITE,3,436,jardin,DISPONIBLE,2026-01-01 21:02:53.806,2026-01-01 21:02:53.806,0
6956e0fd33e2abe4be8bd5e4,6956e0fd33e2abe4be8bd2b8,106,DOUBLE,2,161,mer,MAINTENANCE,2026-01-01 21:02:53.807,2026-01-01 21:02:53.807,0
6956e0fd33e2abe4be8bd5e6,6956e0fd33e2abe4be8bd2b8,107,SUITE,3,154,panoramique,MAINTENANCE,2026-01-01 21:02:53.808,2026-01-01 21:02:53.808,0
6956e0fd33e2abe4be8bd5e8,6956e0fd33e2abe4be8bd2b8,108,DELUXE,4,140,ville,OCCUPEE,2026-01-01 21:02:53.809,2026-01-01 21:02:53.809,0
6956e0fd33e2abe4be8bd5ea,6956e0fd33e2abe4be8bd2b8,109,DELUXE,4,196,ville,OCCUPEE,2026-01-01 21:02:53.809,2026-01-01 21:02:53.809,0
6956e0fd33e2abe4be8bd5ec,6956e0fd33e2abe4be8bd2b8,210,SIMPLE,1,416,montagne,OCCUPEE,2026-01-01 21:02:53.810,2026-01-01 21:02:53.810,0
6956e0fd33e2abe4be8bd5ee,6956e0fd33e2abe4be8bd2b8,201,SIMPLE,1,383,mer,OCCUPEE,2026-01-01 21:02:53.811,2026-01-01 21:02:53.811,0
6956e0fd33e2abe4be8bd5f0,6956e0fd33e2abe4be8bd2b8,202,DOUBLE,2,455,cour intérieure,OCCUPEE,2026-01-01 21:02:53.811,2026-01-01 21:02:53.811,0
6956e0fd33e2abe4be8bd5f2,6956e0fd33e2abe4be8bd2b8,203,DELUXE,4,296,panoramique,OCCUPEE,2026-01-01 21:02:53.812,2026-01-01 21:02:53.812,0
6956e0fd33e2abe4be8bd5f4,6956e0fd33e2abe4be8bd2b8,204,DOUBLE,2,220,montagne,DISPONIBLE,2026-01-01 21:02:53.813,2026-01-01 21:02:53.813,0
6956e0fd33e2abe4be8bd5f6,6956e0fd33e2abe4be8bd2b8,205,DOUBLE,2,316,mer,OCCUPEE,2026-01-01 21:02:53.814,2026-01-01 21:02:53.814,0
6956e0fd33e2abe4be8bd5f8,6956e0fd33e2abe4be8bd2b8,206,DELUXE,4,172,jardin,MAINTENANCE,2026-01-01 21:02:53.815,2026-01-01 21:02:53.815,0
6956e0fd33e2abe4be8bd5fa,6956e0fd33e2abe4be8bd2b8,207,SIMPLE,1,331,jardin,DISPONIBLE,2026-01-01 21:02:53.816,2026-01-01 21:02:53.816,0
6956e0fd33e2abe4be8bd5fc,6956e0fd33e2abe4be8bd2b8,208,DELUXE,4,120,montagne,OCCUPEE,2026-01-01 21:02:53.817,2026-01-01 21:02:53.817,0
6956e0fd33e2abe4be8bd5fe,6956e0fd33e2abe4be8bd2b8,209,SUITE,3,400,mer,OCCUPEE,2026-01-01 21:02:53.818,2026-01-01 21:02:53.818,0
6956e0fd33e2abe4be8bd600,6956e0fd33e2abe4be8bd2b8,310,DELUXE,4,434,cour intérieure,MAINTENANCE,2026-01-01 21:02:53.819,2026-01-01 21:02:53.819,0
6956e0fd33e2abe4be8bd602,6956e0fd33e2abe4be8bd2b8,301,SIMPLE,1,331,cour intérieure,MAINTENANCE,2026-01-01 21:02:53.820,2026-01-01 21:02:53.820,0
6956e0fd33e2abe4be8bd604,6956e0fd33e2abe4be8bd2b8,302,SIMPLE,1,102,cour intérieure,DISPONIBLE,2026-01-01 21:02:53.820,2026-01-01 21:02:53.820,0
6956e0fd33e2abe4be8bd606,6956e0fd33e2abe4be8bd2b8,303,SIMPLE,1,96,montagne,DISPONIBLE,2026-01-01 21:02:53.821,2026-01-01 21:02:53.821,0
6956e0fd33e2abe4be8bd608,6956e0fd33e2abe4be8bd2b8,304,SUITE,3,343,montagne,MAINTENANCE,2026-01-01 21:02:53.822,2026-01-01 21:02:53.822,0
6956e0fd33e2abe4be8bd60a,6956e0fd33e2abe4be8bd2b8,305,SIMPLE,1,363,mer,MAINTENANCE,2026-01-01 21:02:53.823,2026-01-01 21:02:53.823,0
6956e0fd33e2abe4be8bd60c,6956e0fd33e2abe4be8bd2b8,306,DOUBLE,2,479,ville,DISPONIBLE,2026-01-01 21:02:53.824,2026-01-01 21:02:53.824,0
6956e0fd33e2abe4be8bd60e,6956e0fd33e2abe4be8bd2b8,307,DOUBLE,2,310,montagne,DISPONIBLE,2026-01-01 21:02:53.825,2026-01-01 21:02:53.825,0
6956e0fd33e2abe4be8bd610,6956e0fd33e2abe4be8bd2b8,308,DELUXE,4,484,jardin,OCCUPEE,2026-01-01 21:02:53.825,2026-01-01 21:02:53.825,0
6956e0fd33e2abe4be8bd612,6956e0fd33e2abe4be8bd2b8,309,SIMPLE,1,104,ville,OCCUPEE,2026-01-01 21:02:53.826,2026-01-01 21:02:53.826,0
6956e0fd33e2abe4be8bd614,6956e0fd33e2abe4be8bd2ba,101,DELUXE,4,315,montagne,DISPONIBLE,2026-01-01 21:02:53.827,2026-01-01 21:02:53.827,0
6956e0fd33e2abe4be8bd616,6956e0fd33e2abe4be8bd2ba,102,SUITE,3,204,ville,OCCUPEE,2026-01-01 21:02:53.828,2026-01-01 21:02:53.828,0
6956e0fd33e2abe4be8bd618,6956e0fd33e2abe4be8bd2ba,103,SUITE,3,206,ville,OCCUPEE,2026-01-01 21:02:53.829,2026-01-01 21:02:53.829,0
6956e0fd33e2abe4be8bd61a,6956e0fd33e2abe4be8bd2ba,104,SUITE,3,371,mer,MAINTENANCE,2026-01-01 21:02:53.830,2026-01-01 21:02:53.830,0
6956e0fd33e2abe4be8bd61c,6956e0fd33e2abe4be8bd2ba,105,DOUBLE,2,452,panoramique,DISPONIBLE,2026-01-01 21:02:53.831,2026-01-01 21:02:53.831,0
6956e0fd33e2abe4be8bd61e,6956e0fd33e2abe4be8bd2ba,106,DELUXE,4,323,mer,OCCUPEE,2026-01-01 21:02:53.832,2026-01-01 21:02:53.832,0
6956e0fd33e2abe4be8bd620,6956e0fd33e2abe4be8bd2ba,107,SIMPLE,1,349,mer,DISPONIBLE,2026-01-01 21:02:53.833,2026-01-01 21:02:53.833,0
6956e0fd33e2abe4be8bd622,6956e0fd33e2abe4be8bd2ba,108,DELUXE,4,337,mer,OCCUPEE,2026-01-01 21:02:53.834,2026-01-01 21:02:53.834,0
6956e0fd33e2abe4be8bd624,6956e0fd33e2abe4be8bd2ba,109,SIMPLE,1,450,ville,OCCUPEE,2026-01-01 21:02:53.835,2026-01-01 21:02:53.835,0
6956e0fd33e2abe4be8bd626,6956e0fd33e2abe4be8bd2ba,210,DELUXE,4,321,montagne,MAINTENANCE,2026-01-01 21:02:53.835,2026-01-01 21:02:53.835,0
6956e0fd33e2abe4be8bd628,6956e0fd33e2abe4be8bd2ba,201,SUITE,3,430,panoramique,DISPONIBLE,2026-01-01 21:02:53.836,2026-01-01 21:02:53.836,0
6956e0fd33e2abe4be8bd62a,6956e0fd33e2abe4be8bd2ba,202,DOUBLE,2,404,mer,MAINTENANCE,2026-01-01 21:02:53.837,2026-01-01 21:02:53.837,0
6956e0fd33e2abe4be8bd62c,6956e0fd33e2abe4be8bd2ba,203,SIMPLE,1,109,mer,DISPONIBLE,2026-01-01 21:02:53.838,2026-01-01 21:02:53.838,0
6956e0fd33e2abe4be8bd62e,6956e0fd33e2abe4be8bd2ba,204,SUITE,3,471,montagne,MAINTENANCE,2026-01-01 21:02:53.839,2026-01-01 21:02:53.839,0
6956e0fd33e2abe4be8bd630,6956e0fd33e2abe4be8bd2ba,205,SUITE,3,140,ville,DISPONIBLE,2026-01-01 21:02:53.840,2026-01-01 21:02:53.840,0
6956e0fd33e2abe4be8bd632,6956e0fd33e2abe4be8bd2ba,206,SUITE,3,134,ville,OCCUPEE,2026-01-01 21:02:53.841,2026-01-01 21:02:53.841,0
6956e0fd33e2abe4be8bd634,6956e0fd33e2abe4be8bd2ba,207,SIMPLE,1,247,montagne,OCCUPEE,2026-01-01 21:02:53.841,2026-01-01 21:02:53.841,0
6956e0fd33e2abe4be8bd636,6956e0fd33e2abe4be8bd2ba,208,SIMPLE,1,95,mer,MAINTENANCE,2026-01-01 21:02:53.842,2026-01-01 21:02:53.842,0
6956e0fd33e2abe4be8bd638,6956e0fd33e2abe4be8bd2ba,209,DOUBLE,2,408,mer,DISPONIBLE,2026-01-01 21:02:53.844,2026-01-01 21:02:53.844,0
6956e0fd33e2abe4be8bd63a,6956e0fd33e2abe4be8bd2ba,310,SIMPLE,1,143,cour intérieure,MAINTENANCE,2026-01-01 21:02:53.844,2026-01-01 21:02:53.844,0
6956e0fd33e2abe4be8bd63c,6956e0fd33e2abe4be8bd2ba,301,SIMPLE,1,296,panoramique,DISPONIBLE,2026-01-01 21:02:53.845,2026-01-01 21:02:53.845,0
6956e0fd33e2abe4be8bd63e,6956e0fd33e2abe4be8bd2ba,302,DELUXE,4,341,mer,DISPONIBLE,2026-01-01 21:02:53.846,2026-01-01 21:02:53.846,0
6956e0fd33e2abe4be8bd640,6956e0fd33e2abe4be8bd2ba,303,DELUXE,4,158,mer,MAINTENANCE,2026-01-01 21:02:53.847,2026-01-01 21:02:53.847,0
6956e0fd33e2abe4be8bd642,6956e0fd33e2abe4be8bd2ba,304,SIMPLE,1,408,jardin,DISPONIBLE,2026-01-01 21:02:53.848,2026-01-01 21:02:53.848,0
6956e0fd33e2abe4be8bd644,6956e0fd33e2abe4be8bd2ba,305,DOUBLE,2,334,jardin,OCCUPEE,2026-01-01 21:02:53.849,2026-01-01 21:02:53.849,0
6956e0fd33e2abe4be8bd646,6956e0fd33e2abe4be8bd2ba,306,SUITE,3,228,cour intérieure,MAINTENANCE,2026-01-01 21:02:53.851,2026-01-01 21:02:53.851,0
6956e0fd33e2abe4be8bd648,6956e0fd33e2abe4be8bd2ba,307,SUITE,3,118,mer,MAINTENANCE,2026-01-01 21:02:53.852,2026-01-01 21:02:53.852,0
6956e0fd33e2abe4be8bd64a,6956e0fd33e2abe4be8bd2ba,308,DOUBLE,2,230,cour intérieure,MAINTENANCE,2026-01-01 21:02:53.855,2026-01-01 21:02:53.855,0
6956e0fd33e2abe4be8bd64c,6956e0fd33e2abe4be8bd2ba,309,SUITE,3,389,mer,DISPONIBLE,2026-01-01 21:02:53.857,2026-01-01 21:02:53.857,0
6956e0fd33e2abe4be8bd64e,6956e0fd33e2abe4be8bd2ba,410,SIMPLE,1,496,ville,DISPONIBLE,2026-01-01 21:02:53.859,2026-01-01 21:02:53.859,0
6956e0fd33e2abe4be8bd650,6956e0fd33e2abe4be8bd2ba,401,SIMPLE,1,271,panoramique,MAINTENANCE,2026-01-01 21:02:53.861,2026-01-01 21:02:53.861,0
6956e0fd33e2abe4be8bd652,6956e0fd33e2abe4be8bd2ba,402,DOUBLE,2,473,cour intérieure,DISPONIBLE,2026-01-01 21:02:53.862,2026-01-01 21:02:53.862,0
6956e0fd33e2abe4be8bd654,6956e0fd33e2abe4be8bd2ba,403,DOUBLE,2,418,cour intérieure,OCCUPEE,2026-01-01 21:02:53.864,2026-01-01 21:02:53.864,0
6956e0fd33e2abe4be8bd656,6956e0fd33e2abe4be8bd2bc,101,SIMPLE,1,327,jardin,OCCUPEE,2026-01-01 21:02:53.865,2026-01-01 21:02:53.865,0
6956e0fd33e2abe4be8bd658,6956e0fd33e2abe4be8bd2bc,102,SIMPLE,1,236,jardin,DISPONIBLE,2026-01-01 21:02:53.866,2026-01-01 21:02:53.866,0
6956e0fd33e2abe4be8bd65a,6956e0fd33e2abe4be8bd2bc,103,DOUBLE,2,495,cour intérieure,DISPONIBLE,2026-01-01 21:02:53.867,2026-01-01 21:02:53.867,0
6956e0fd33e2abe4be8bd65c,6956e0fd33e2abe4be8bd2bc,104,SUITE,3,231,jardin,OCCUPEE,2026-01-01 21:02:53.869,2026-01-01 21:02:53.869,0
6956e0fd33e2abe4be8bd65e,6956e0fd33e2abe4be8bd2bc,105,SIMPLE,1,288,jardin,DISPONIBLE,2026-01-01 21:02:53.870,2026-01-01 21:02:53.870,0
6956e0fd33e2abe4be8bd660,6956e0fd33e2abe4be8bd2bc,106,SUITE,3,369,ville,MAINTENANCE,2026-01-01 21:02:53.870,2026-01-01 21:02:53.870,0
6956e0fd33e2abe4be8bd662,6956e0fd33e2abe4be8bd2bc,107,SIMPLE,1,252,cour intérieure,OCCUPEE,2026-01-01 21:02:53.871,2026-01-01 21:02:53.871,0
6956e0fd33e2abe4be8bd664,6956e0fd33e2abe4be8bd2bc,108,DOUBLE,2,329,ville,OCCUPEE,2026-01-01 21:02:53.872,2026-01-01 21:02:53.872,0
6956e0fd33e2abe4be8bd666,6956e0fd33e2abe4be8bd2bc,109,DELUXE,4,244,montagne,DISPONIBLE,2026-01-01 21:02:53.873,2026-01-01 21:02:53.873,0
6956e0fd33e2abe4be8bd668,6956e0fd33e2abe4be8bd2bc,210,DOUBLE,2,348,jardin,MAINTENANCE,2026-01-01 21:02:53.874,2026-01-01 21:02:53.874,0
6956e0fd33e2abe4be8bd66a,6956e0fd33e2abe4be8bd2bc,201,DELUXE,4,270,jardin,DISPONIBLE,2026-01-01 21:02:53.874,2026-01-01 21:02:53.874,0
6956e0fd33e2abe4be8bd66c,6956e0fd33e2abe4be8bd2bc,202,DELUXE,4,195,cour intérieure,MAINTENANCE,2026-01-01 21:02:53.875,2026-01-01 21:02:53.875,0
6956e0fd33e2abe4be8bd66e,6956e0fd33e2abe4be8bd2bc,203,SIMPLE,1,451,montagne,DISPONIBLE,2026-01-01 21:02:53.876,2026-01-01 21:02:53.876,0
6956e0fd33e2abe4be8bd670,6956e0fd33e2abe4be8bd2bc,204,SUITE,3,400,montagne,DISPONIBLE,2026-01-01 21:02:53.877,2026-01-01 21:02:53.877,0
6956e0fd33e2abe4be8bd672,6956e0fd33e2abe4be8bd2bc,205,SIMPLE,1,478,cour intérieure,MAINTENANCE,2026-01-01 21:02:53.878,2026-01-01 21:02:53.878,0
6956e0fd33e2abe4be8bd674,6956e0fd33e2abe4be8bd2bc,206,DOUBLE,2,492,jardin,MAINTENANCE,2026-01-01 21:02:53.879,2026-01-01 21:02:53.879,0
6956e0fd33e2abe4be8bd676,6956e0fd33e2abe4be8bd2bc,207,SIMPLE,1,262,mer,OCCUPEE,2026-01-01 21:02:53.880,2026-01-01 21:02:53.880,0
6956e0fd33e2abe4be8bd678,6956e0fd33e2abe4be8bd2bc,208,SIMPLE,1,193,mer,OCCUPEE,2026-01-01 21:02:53.882,2026-01-01 21:02:53.882,0
6956e0fd33e2abe4be8bd67a,6956e0fd33e2abe4be8bd2bc,209,SIMPLE,1,373,cour intérieure,DISPONIBLE,2026-01-01 21:02:53.883,2026-01-01 21:02:53.883,0
6956e0fd33e2abe4be8bd67c,6956e0fd33e2abe4be8bd2bc,310,DOUBLE,2,299,jardin,MAINTENANCE,2026-01-01 21:02:53.884,2026-01-01 21:02:53.884,0
6956e0fd33e2abe4be8bd67e,6956e0fd33e2abe4be8bd2bc,301,SUITE,3,363,jardin,MAINTENANCE,2026-01-01 21:02:53.884,2026-01-01 21:02:53.884,0
6956e0fd33e2abe4be8bd680,6956e0fd33e2abe4be8bd2bc,302,SIMPLE,1,122,ville,MAINTENANCE,2026-01-01 21:02:53.885,2026-01-01 21:02:53.885,0
6956e0fd33e2abe4be8bd682,6956e0fd33e2abe4be8bd2bc,303,SIMPLE,1,418,panoramique,MAINTENANCE,2026-01-01 21:02:53.886,2026-01-01 21:02:53.886,0
6956e0fd33e2abe4be8bd684,6956e0fd33e2abe4be8bd2bc,304,SUITE,3,180,montagne,OCCUPEE,2026-01-01 21:02:53.887,2026-01-01 21:02:53.887,0
6956e0fd33e2abe4be8bd686,6956e0fd33e2abe4be8bd2bc,305,SUITE,3,150,panoramique,DISPONIBLE,2026-01-01 21:02:53.887,2026-01-01 21:02:53.887,0
6956e0fd33e2abe4be8bd688,6956e0fd33e2abe4be8bd2bc,306,DOUBLE,2,427,cour intérieure,MAINTENANCE,2026-01-01 21:02:53.888,2026-01-01 21:02:53.888,0
6956e0fd33e2abe4be8bd68a,6956e0fd33e2abe4be8bd2bc,307,DOUBLE,2,325,montagne,MAINTENANCE,2026-01-01 21:02:53.889,2026-01-01 21:02:53.889,0
6956e0fd33e2abe4be8bd68c,6956e0fd33e2abe4be8bd2bc,308,DOUBLE,2,109,montagne,OCCUPEE,2026-01-01 21:02:53.890,2026-01-01 21:02:53.890,0
6956e0fd33e2abe4be8bd68e,6956e0fd33e2abe4be8bd2bc,309,SIMPLE,1,365,panoramique,OCCUPEE,2026-01-01 21:02:53.890,2026-01-01 21:02:53.890,0
6956e0fd33e2abe4be8bd690,6956e0fd33e2abe4be8bd2bc,410,SUITE,3,85,cour intérieure,MAINTENANCE,2026-01-01 21:02:53.891,2026-01-01 21:02:53.891,0
6956e0fd33e2abe4be8bd692,6956e0fd33e2abe4be8bd2bc,401,SUITE,3,98,jardin,MAINTENANCE,2026-01-01 21:02:53.892,2026-01-01 21:02:53.892,0
6956e0fd33e2abe4be8bd694,6956e0fd33e2abe4be8bd2be,101,DOUBLE,2,488,ville,MAINTENANCE,2026-01-01 21:02:53.893,2026-01-01 21:02:53.893,0
6956e0fd33e2abe4be8bd696,6956e0fd33e2abe4be8bd2be,102,SIMPLE,1,188,mer,DISPONIBLE,2026-01-01 21:02:53.894,2026-01-01 21:02:53.894,0
6956e0fd33e2abe4be8bd698,6956e0fd33e2abe4be8bd2be,103,DELUXE,4,499,montagne,MAINTENANCE,2026-01-01 21:02:53.895,2026-01-01 21:02:53.895,0
6956e0fd33e2abe4be8bd69a,6956e0fd33e2abe4be8bd2be,104,DOUBLE,2,460,cour intérieure,MAINTENANCE,2026-01-01 21:02:53.897,2026-01-01 21:02:53.897,0
6956e0fd33e2abe4be8bd69c,6956e0fd33e2abe4be8bd2be,105,DELUXE,4,473,montagne,DISPONIBLE,2026-01-01 21:02:53.898,2026-01-01 21:02:53.898,0
6956e0fd33e2abe4be8bd69e,6956e0fd33e2abe4be8bd2be,106,SUITE,3,90,montagne,DISPONIBLE,2026-01-01 21:02:53.899,2026-01-01 21:02:53.899,0
6956e0fd33e2abe4be8bd6a0,6956e0fd33e2abe4be8bd2be,107,DOUBLE,2,210,ville,MAINTENANCE,2026-01-01 21:02:53.900,2026-01-01 21:02:53.900,0
6956e0fd33e2abe4be8bd6a2,6956e0fd33e2abe4be8bd2be,108,DOUBLE,2,423,panoramique,MAINTENANCE,2026-01-01 21:02:53.901,2026-01-01 21:02:53.901,0
6956e0fd33e2abe4be8bd6a4,6956e0fd33e2abe4be8bd2be,109,DELUXE,4,145,montagne,MAINTENANCE,2026-01-01 21:02:53.901,2026-01-01 21:02:53.901,0
6956e0fd33e2abe4be8bd6a6,6956e0fd33e2abe4be8bd2be,210,SUITE,3,197,panoramique,OCCUPEE,2026-01-01 21:02:53.902,2026-01-01 21:02:53.902,0
6956e0fd33e2abe4be8bd6a8,6956e0fd33e2abe4be8bd2be,201,DELUXE,4,249,montagne,MAINTENANCE,2026-01-01 21:02:53.903,2026-01-01 21:02:53.903,0
6956e0fd33e2abe4be8bd6aa,6956e0fd33e2abe4be8bd2be,202,SUITE,3,494,panoramique,DISPONIBLE,2026-01-01 21:02:53.903,2026-01-01 21:02:53.903,0
6956e0fd33e2abe4be8bd6ac,6956e0fd33e2abe4be8bd2be,203,DOUBLE,2,470,jardin,OCCUPEE,2026-01-01 21:02:53.904,2026-01-01 21:02:53.904,0
6956e0fd33e2abe4be8bd6ae,6956e0fd33e2abe4be8bd2be,204,DELUXE,4,174,jardin,OCCUPEE,2026-01-01 21:02:53.905,2026-01-01 21:02:53.905,0
6956e0fd33e2abe4be8bd6b0,6956e0fd33e2abe4be8bd2be,205,SIMPLE,1,95,panoramique,MAINTENANCE,2026-01-01 21:02:53.906,2026-01-01 21:02:53.906,0
6956e0fd33e2abe4be8bd6b2,6956e0fd33e2abe4be8bd2be,206,SUITE,3,287,montagne,DISPONIBLE,2026-01-01 21:02:53.906,2026-01-01 21:02:53.906,0
6956e0fd33e2abe4be8bd6b4,6956e0fd33e2abe4be8bd2be,207,SIMPLE,1,182,ville,MAINTENANCE,2026-01-01 21:02:53.907,2026-01-01 21:02:53.907,0
6956e0fd33e2abe4be8bd6b6,6956e0fd33e2abe4be8bd2be,208,DOUBLE,2,297,montagne,OCCUPEE,2026-01-01 21:02:53.908,2026-01-01 21:02:53.908,0
6956e0fd33e2abe4be8bd6b8,6956e0fd33e2abe4be8bd2be,209,SUITE,3,375,mer,DISPONIBLE,2026-01-01 21:02:53.909,2026-01-01 21:02:53.909,0
6956e0fd33e2abe4be8bd6ba,6956e0fd33e2abe4be8bd2be,310,SUITE,3,424,jardin,MAINTENANCE,2026-01-01 21:02:53.910,2026-01-01 21:02:53.910,0
6956e0fd33e2abe4be8bd6bc,6956e0fd33e2abe4be8bd2be,301,SIMPLE,1,270,montagne,MAINTENANCE,2026-01-01 21:02:53.911,2026-01-01 21:02:53.911,0
6956e0fd33e2abe4be8bd6be,6956e0fd33e2abe4be8bd2be,302,DELUXE,4,104,montagne,DISPONIBLE,2026-01-01 21:02:53.912,2026-01-01 21:02:53.912,0
6956e0fd33e2abe4be8bd6c0,6956e0fd33e2abe4be8bd2be,303,DELUXE,4,153,cour intérieure,OCCUPEE,2026-01-01 21:02:53.912,2026-01-01 21:02:53.912,0
6956e0fd33e2abe4be8bd6c2,6956e0fd33e2abe4be8bd2be,304,DELUXE,4,271,jardin,DISPONIBLE,2026-01-01 21:02:53.913,2026-01-01 21:02:53.913,0
6956e0fd33e2abe4be8bd6c4,6956e0fd33e2abe4be8bd2be,305,DELUXE,4,359,mer,OCCUPEE,2026-01-01 21:02:53.914,2026-01-01 21:02:53.914,0
6956e0fd33e2abe4be8bd6c6,6956e0fd33e2abe4be8bd2be,306,SUITE,3,428,cour intérieure,MAINTENANCE,2026-01-01 21:02:53.915,2026-01-01 21:02:53.915,0
6956e0fd33e2abe4be8bd6c8,6956e0fd33e2abe4be8bd2be,307,SUITE,3,441,jardin,OCCUPEE,2026-01-01 21:02:53.916,2026-01-01 21:02:53.916,0
6956e0fd33e2abe4be8bd6ca,6956e0fd33e2abe4be8bd2be,308,DOUBLE,2,229,panoramique,MAINTENANCE,2026-01-01 21:02:53.917,2026-01-01 21:02:53.917,0
6956e0fd33e2abe4be8bd6cc,6956e0fd33e2abe4be8bd2be,309,DOUBLE,2,298,mer,OCCUPEE,2026-01-01 21:02:53.918,2026-01-01 21:02:53.918,0
6956e0fd33e2abe4be8bd6ce,6956e0fd33e2abe4be8bd2be,410,DELUXE,4,420,montagne,DISPONIBLE,2026-01-01 21:02:53.919,2026-01-01 21:02:53.919,0
6956e0fd33e2abe4be8bd6d0,6956e0fd33e2abe4be8bd2be,401,DELUXE,4,244,jardin,MAINTENANCE,2026-01-01 21:02:53.920,2026-01-01 21:02:53.920,0
6956e0fd33e2abe4be8bd6d2,6956e0fd33e2abe4be8bd2be,402,DELUXE,4,457,ville,DISPONIBLE,2026-01-01 21:02:53.921,2026-01-01 21:02:53.921,0
6956e0fd33e2abe4be8bd6d4,6956e0fd33e2abe4be8bd2c0,101,DELUXE,4,295,ville,DISPONIBLE,2026-01-01 21:02:53.921,2026-01-01 21:02:53.921,0
6956e0fd33e2abe4be8bd6d6,6956e0fd33e2abe4be8bd2c0,102,SIMPLE,1,409,mer,MAINTENANCE,2026-01-01 21:02:53.922,2026-01-01 21:02:53.922,0
6956e0fd33e2abe4be8bd6d8,6956e0fd33e2abe4be8bd2c0,103,DOUBLE,2,467,mer,MAINTENANCE,2026-01-01 21:02:53.923,2026-01-01 21:02:53.923,0
6956e0fd33e2abe4be8bd6da,6956e0fd33e2abe4be8bd2c0,104,SIMPLE,1,409,montagne,MAINTENANCE,2026-01-01 21:02:53.924,2026-01-01 21:02:53.924,0
6956e0fd33e2abe4be8bd6dc,6956e0fd33e2abe4be8bd2c0,105,SIMPLE,1,222,ville,MAINTENANCE,2026-01-01 21:02:53.925,2026-01-01 21:02:53.925,0
6956e0fd33e2abe4be8bd6de,6956e0fd33e2abe4be8bd2c0,106,SUITE,3,88,mer,MAINTENANCE,2026-01-01 21:02:53.925,2026-01-01 21:02:53.925,0
6956e0fd33e2abe4be8bd6e0,6956e0fd33e2abe4be8bd2c0,107,DELUXE,4,440,jardin,MAINTENANCE,2026-01-01 21:02:53.927,2026-01-01 21:02:53.927,0
6956e0fd33e2abe4be8bd6e2,6956e0fd33e2abe4be8bd2c0,108,SUITE,3,457,jardin,OCCUPEE,2026-01-01 21:02:53.928,2026-01-01 21:02:53.928,0
6956e0fd33e2abe4be8bd6e4,6956e0fd33e2abe4be8bd2c0,109,DELUXE,4,366,panoramique,MAINTENANCE,2026-01-01 21:02:53.928,2026-01-01 21:02:53.928,0
6956e0fd33e2abe4be8bd6e6,6956e0fd33e2abe4be8bd2c0,210,SUITE,3,106,montagne,MAINTENANCE,2026-01-01 21:02:53.929,2026-01-01 21:02:53.929,0
6956e0fd33e2abe4be8bd6e8,6956e0fd33e2abe4be8bd2c0,201,DELUXE,4,289,montagne,MAINTENANCE,2026-01-01 21:02:53.930,2026-01-01 21:02:53.930,0
6956e0fd33e2abe4be8bd6ea,6956e0fd33e2abe4be8bd2c0,202,DELUXE,4,177,montagne,MAINTENANCE,2026-01-01 21:02:53.931,2026-01-01 21:02:53.931,0
6956e0fd33e2abe4be8bd6ec,6956e0fd33e2abe4be8bd2c0,203,DELUXE,4,295,cour intérieure,DISPONIBLE,2026-01-01 21:02:53.933,2026-01-01 21:02:53.933,0
6956e0fd33e2abe4be8bd6ee,6956e0fd33e2abe4be8bd2c0,204,DELUXE,4,187,mer,MAINTENANCE,2026-01-01 21:02:53.934,2026-01-01 21:02:53.934,0
6956e0fd33e2abe4be8bd6f0,6956e0fd33e2abe4be8bd2c0,205,SIMPLE,1,216,montagne,OCCUPEE,2026-01-01 21:02:53.935,2026-01-01 21:02:53.935,0
6956e0fd33e2abe4be8bd6f2,6956e0fd33e2abe4be8bd2c0,206,DELUXE,4,97,cour intérieure,MAINTENANCE,2026-01-01 21:02:53.936,2026-01-01 21:02:53.936,0
6956e0fd33e2abe4be8bd6f4,6956e0fd33e2abe4be8bd2c0,207,DOUBLE,2,134,ville,DISPONIBLE,2026-01-01 21:02:53.937,2026-01-01 21:02:53.937,0
6956e0fd33e2abe4be8bd6f6,6956e0fd33e2abe4be8bd2c0,208,SUITE,3,176,jardin,DISPONIBLE,2026-01-01 21:02:53.938,2026-01-01 21:02:53.938,0
6956e0fd33e2abe4be8bd6f8,6956e0fd33e2abe4be8bd2c0,209,SUITE,3,337,mer,DISPONIBLE,2026-01-01 21:02:53.939,2026-01-01 21:02:53.939,0
6956e0fd33e2abe4be8bd6fa,6956e0fd33e2abe4be8bd2c0,310,SUITE,3,115,montagne,MAINTENANCE,2026-01-01 21:02:53.940,2026-01-01 21:02:53.940,0
6956e0fd33e2abe4be8bd6fc,6956e0fd33e2abe4be8bd2c0,301,SUITE,3,95,jardin,DISPONIBLE,2026-01-01 21:02:53.940,2026-01-01 21:02:53.940,0
6956e0fd33e2abe4be8bd6fe,6956e0fd33e2abe4be8bd2c0,302,DOUBLE,2,297,mer,OCCUPEE,2026-01-01 21:02:53.942,2026-01-01 21:02:53.942,0
6956e0fd33e2abe4be8bd700,6956e0fd33e2abe4be8bd2c0,303,DOUBLE,2,124,cour intérieure,MAINTENANCE,2026-01-01 21:02:53.944,2026-01-01 21:02:53.944,0
6956e0fd33e2abe4be8bd702,6956e0fd33e2abe4be8bd2c0,304,SIMPLE,1,246,mer,MAINTENANCE,2026-01-01 21:02:53.945,2026-01-01 21:02:53.945,0
6956e0fd33e2abe4be8bd704,6956e0fd33e2abe4be8bd2c0,305,SIMPLE,1,350,mer,DISPONIBLE,2026-01-01 21:02:53.946,2026-01-01 21:02:53.946,0
6956e0fd33e2abe4be8bd706,6956e0fd33e2abe4be8bd2c0,306,DOUBLE,2,351,ville,DISPONIBLE,2026-01-01 21:02:53.947,2026-01-01 21:02:53.947,0
6956e0fd33e2abe4be8bd708,6956e0fd33e2abe4be8bd2c0,307,SUITE,3,144,panoramique,OCCUPEE,2026-01-01 21:02:53.948,2026-01-01 21:02:53.948,0
6956e0fd33e2abe4be8bd70a,6956e0fd33e2abe4be8bd2c2,101,SIMPLE,1,483,ville,DISPONIBLE,2026-01-01 21:02:53.949,2026-01-01 21:02:53.949,0
6956e0fd33e2abe4be8bd70c,6956e0fd33e2abe4be8bd2c2,102,DOUBLE,2,253,panoramique,OCCUPEE,2026-01-01 21:02:53.950,2026-01-01 21:02:53.950,0
6956e0fd33e2abe4be8bd70e,6956e0fd33e2abe4be8bd2c2,103,SIMPLE,1,327,mer,OCCUPEE,2026-01-01 21:02:53.950,2026-01-01 21:02:53.950,0
6956e0fd33e2abe4be8bd710,6956e0fd33e2abe4be8bd2c2,104,SIMPLE,1,149,montagne,DISPONIBLE,2026-01-01 21:02:53.951,2026-01-01 21:02:53.951,0
6956e0fd33e2abe4be8bd712,6956e0fd33e2abe4be8bd2c2,105,DELUXE,4,213,ville,DISPONIBLE,2026-01-01 21:02:53.952,2026-01-01 21:02:53.952,0
6956e0fd33e2abe4be8bd714,6956e0fd33e2abe4be8bd2c2,106,DELUXE,4,386,panoramique,OCCUPEE,2026-01-01 21:02:53.953,2026-01-01 21:02:53.953,0
6956e0fd33e2abe4be8bd716,6956e0fd33e2abe4be8bd2c2,107,DELUXE,4,349,mer,OCCUPEE,2026-01-01 21:02:53.954,2026-01-01 21:02:53.954,0
6956e0fd33e2abe4be8bd718,6956e0fd33e2abe4be8bd2c2,108,DOUBLE,2,461,cour intérieure,DISPONIBLE,2026-01-01 21:02:53.955,2026-01-01 21:02:53.955,0
6956e0fd33e2abe4be8bd71a,6956e0fd33e2abe4be8bd2c2,109,DELUXE,4,211,montagne,MAINTENANCE,2026-01-01 21:02:53.957,2026-01-01 21:02:53.957,0
6956e0fd33e2abe4be8bd71c,6956e0fd33e2abe4be8bd2c2,210,DELUXE,4,94,mer,MAINTENANCE,2026-01-01 21:02:53.958,2026-01-01 21:02:53.958,0
6956e0fd33e2abe4be8bd71e,6956e0fd33e2abe4be8bd2c2,201,SIMPLE,1,214,jardin,MAINTENANCE,2026-01-01 21:02:53.959,2026-01-01 21:02:53.959,0
6956e0fd33e2abe4be8bd720,6956e0fd33e2abe4be8bd2c2,202,DOUBLE,2,231,cour intérieure,OCCUPEE,2026-01-01 21:02:53.960,2026-01-01 21:02:53.960,0
6956e0fd33e2abe4be8bd722,6956e0fd33e2abe4be8bd2c2,203,DELUXE,4,292,ville,MAINTENANCE,2026-01-01 21:02:53.960,2026-01-01 21:02:53.960,0
6956e0fd33e2abe4be8bd724,6956e0fd33e2abe4be8bd2c2,204,SIMPLE,1,353,jardin,DISPONIBLE,2026-01-01 21:02:53.961,2026-01-01 21:02:53.961,0
6956e0fd33e2abe4be8bd726,6956e0fd33e2abe4be8bd2c2,205,DELUXE,4,85,ville,MAINTENANCE,2026-01-01 21:02:53.962,2026-01-01 21:02:53.962,0
6956e0fd33e2abe4be8bd728,6956e0fd33e2abe4be8bd2c2,206,DOUBLE,2,153,jardin,DISPONIBLE,2026-01-01 21:02:53.963,2026-01-01 21:02:53.963,0
6956e0fd33e2abe4be8bd72a,6956e0fd33e2abe4be8bd2c2,207,SIMPLE,1,484,jardin,DISPONIBLE,2026-01-01 21:02:53.963,2026-01-01 21:02:53.963,0
6956e0fd33e2abe4be8bd72c,6956e0fd33e2abe4be8bd2c2,208,SUITE,3,114,ville,MAINTENANCE,2026-01-01 21:02:53.964,2026-01-01 21:02:53.964,0
6956e0fd33e2abe4be8bd72e,6956e0fd33e2abe4be8bd2c2,209,DOUBLE,2,274,montagne,OCCUPEE,2026-01-01 21:02:53.965,2026-01-01 21:02:53.965,0
6956e0fd33e2abe4be8bd730,6956e0fd33e2abe4be8bd2c2,310,DOUBLE,2,118,mer,DISPONIBLE,2026-01-01 21:02:53.966,2026-01-01 21:02:53.966,0
6956e0fd33e2abe4be8bd732,6956e0fd33e2abe4be8bd2c2,301,SIMPLE,1,156,ville,DISPONIBLE,2026-01-01 21:02:53.967,2026-01-01 21:02:53.967,0
6956e0fd33e2abe4be8bd734,6956e0fd33e2abe4be8bd2c2,302,SIMPLE,1,154,panoramique,DISPONIBLE,2026-01-01 21:02:53.967,2026-01-01 21:02:53.967,0
6956e0fd33e2abe4be8bd736,6956e0fd33e2abe4be8bd2c2,303,DOUBLE,2,111,panoramique,MAINTENANCE,2026-01-01 21:02:53.968,2026-01-01 21:02:53.968,0
6956e0fd33e2abe4be8bd738,6956e0fd33e2abe4be8bd2c2,304,SIMPLE,1,468,cour intérieure,DISPONIBLE,2026-01-01 21:02:53.969,2026-01-01 21:02:53.969,0
6956e0fd33e2abe4be8bd73a,6956e0fd33e2abe4be8bd2c2,305,DOUBLE,2,96,jardin,DISPONIBLE,2026-01-01 21:02:53.970,2026-01-01 21:02:53.970,0
6956e0fd33e2abe4be8bd73c,6956e0fd33e2abe4be8bd2c2,306,DOUBLE,2,166,ville,DISPONIBLE,2026-01-01 21:02:53.971,2026-01-01 21:02:53.971,0
6956e0fd33e2abe4be8bd73e,6956e0fd33e2abe4be8bd2c2,307,SUITE,3,357,jardin,DISPONIBLE,2026-01-01 21:02:53.971,2026-01-01 21:02:53.971,0
6956e0fd33e2abe4be8bd740,6956e0fd33e2abe4be8bd2c2,308,SIMPLE,1,273,mer,OCCUPEE,2026-01-01 21:02:53.972,2026-01-01 21:02:53.972,0
6956e0fd33e2abe4be8bd742,6956e0fd33e2abe4be8bd2c2,309,SUITE,3,486,mer,MAINTENANCE,2026-01-01 21:02:53.973,2026-01-01 21:02:53.973,0
6956e0fd33e2abe4be8bd744,6956e0fd33e2abe4be8bd2c4,101,SIMPLE,1,259,mer,MAINTENANCE,2026-01-01 21:02:53.974,2026-01-01 21:02:53.974,0
6956e0fd33e2abe4be8bd746,6956e0fd33e2abe4be8bd2c4,102,SUITE,3,473,mer,OCCUPEE,2026-01-01 21:02:53.975,2026-01-01 21:02:53.975,0
6956e0fd33e2abe4be8bd748,6956e0fd33e2abe4be8bd2c4,103,DELUXE,4,154,jardin,DISPONIBLE,2026-01-01 21:02:53.976,2026-01-01 21:02:53.976,0
6956e0fd33e2abe4be8bd74a,6956e0fd33e2abe4be8bd2c4,104,DOUBLE,2,411,cour intérieure,OCCUPEE,2026-01-01 21:02:53.977,2026-01-01 21:02:53.977,0
6956e0fd33e2abe4be8bd74c,6956e0fd33e2abe4be8bd2c4,105,SUITE,3,288,ville,OCCUPEE,2026-01-01 21:02:53.978,2026-01-01 21:02:53.978,0
6956e0fd33e2abe4be8bd74e,6956e0fd33e2abe4be8bd2c4,106,DELUXE,4,153,cour intérieure,DISPONIBLE,2026-01-01 21:02:53.979,2026-01-01 21:02:53.979,0
6956e0fd33e2abe4be8bd750,6956e0fd33e2abe4be8bd2c4,107,SUITE,3,92,ville,MAINTENANCE,2026-01-01 21:02:53.980,2026-01-01 21:02:53.980,0
6956e0fd33e2abe4be8bd752,6956e0fd33e2abe4be8bd2c4,108,DELUXE,4,289,ville,DISPONIBLE,2026-01-01 21:02:53.981,2026-01-01 21:02:53.981,0
6956e0fd33e2abe4be8bd754,6956e0fd33e2abe4be8bd2c4,109,DELUXE,4,429,panoramique,MAINTENANCE,2026-01-01 21:02:53.981,2026-01-01 21:02:53.981,0
6956e0fd33e2abe4be8bd756,6956e0fd33e2abe4be8bd2c4,210,SIMPLE,1,473,jardin,MAINTENANCE,2026-01-01 21:02:53.982,2026-01-01 21:02:53.982,0
6956e0fd33e2abe4be8bd758,6956e0fd33e2abe4be8bd2c4,201,SUITE,3,457,cour intérieure,MAINTENANCE,2026-01-01 21:02:53.983,2026-01-01 21:02:53.983,0
6956e0fd33e2abe4be8bd75a,6956e0fd33e2abe4be8bd2c4,202,DOUBLE,2,172,panoramique,MAINTENANCE,2026-01-01 21:02:53.984,2026-01-01 21:02:53.984,0
6956e0fd33e2abe4be8bd75c,6956e0fd33e2abe4be8bd2c4,203,SUITE,3,437,jardin,OCCUPEE,2026-01-01 21:02:53.985,2026-01-01 21:02:53.985,0
6956e0fd33e2abe4be8bd75e,6956e0fd33e2abe4be8bd2c4,204,SUITE,3,289,montagne,DISPONIBLE,2026-01-01 21:02:53.986,2026-01-01 21:02:53.986,0
6956e0fd33e2abe4be8bd760,6956e0fd33e2abe4be8bd2c4,205,SUITE,3,214,panoramique,MAINTENANCE,2026-01-01 21:02:53.987,2026-01-01 21:02:53.987,0
6956e0fd33e2abe4be8bd762,6956e0fd33e2abe4be8bd2c4,206,DELUXE,4,129,cour intérieure,MAINTENANCE,2026-01-01 21:02:53.989,2026-01-01 21:02:53.989,0
6956e0fd33e2abe4be8bd764,6956e0fd33e2abe4be8bd2c4,207,SIMPLE,1,422,montagne,DISPONIBLE,2026-01-01 21:02:53.990,2026-01-01 21:02:53.990,0
6956e0fd33e2abe4be8bd766,6956e0fd33e2abe4be8bd2c4,208,DELUXE,4,381,jardin,OCCUPEE,2026-01-01 21:02:53.991,2026-01-01 21:02:53.991,0
6956e0fd33e2abe4be8bd768,6956e0fd33e2abe4be8bd2c4,209,SUITE,3,223,cour intérieure,MAINTENANCE,2026-01-01 21:02:53.992,2026-01-01 21:02:53.992,0
6956e0fd33e2abe4be8bd76a,6956e0fd33e2abe4be8bd2c4,310,DOUBLE,2,488,ville,DISPONIBLE,2026-01-01 21:02:53.993,2026-01-01 21:02:53.993,0
6956e0fd33e2abe4be8bd76c,6956e0fd33e2abe4be8bd2c4,301,SUITE,3,305,cour intérieure,DISPONIBLE,2026-01-01 21:02:53.995,2026-01-01 21:02:53.995,0
6956e0fd33e2abe4be8bd76e,6956e0fd33e2abe4be8bd2c4,302,DELUXE,4,135,montagne,OCCUPEE,2026-01-01 21:02:53.996,2026-01-01 21:02:53.996,0
6956e0fd33e2abe4be8bd770,6956e0fd33e2abe4be8bd2c4,303,SIMPLE,1,302,jardin,MAINTENANCE,2026-01-01 21:02:53.997,2026-01-01 21:02:53.997,0
6956e0fd33e2abe4be8bd772,6956e0fd33e2abe4be8bd2c4,304,DOUBLE,2,203,montagne,MAINTENANCE,2026-01-01 21:02:53.998,2026-01-01 21:02:53.998,0
6956e0fd33e2abe4be8bd774,6956e0fd33e2abe4be8bd2c4,305,SIMPLE,1,289,panoramique,DISPONIBLE,2026-01-01 21:02:53.999,2026-01-01 21:02:53.999,0
6956e0fe33e2abe4be8bd776,6956e0fd33e2abe4be8bd2c4,306,DELUXE,4,200,mer,OCCUPEE,2026-01-01 21:02:54.000,2026-01-01 21:02:54.000,0
6956e0fe33e2abe4be8bd778,6956e0fd33e2abe4be8bd2c4,307,DOUBLE,2,336,ville,MAINTENANCE,2026-01-01 21:02:54.000,2026-01-01 21:02:54.000,0
6956e0fe33e2abe4be8bd77a,6956e0fd33e2abe4be8bd2c4,308,DOUBLE,2,388,montagne,OCCUPEE,2026-01-01 21:02:54.001,2026-01-01 21:02:54.001,0
6956e0fe33e2abe4be8bd77c,6956e0fd33e2abe4be8bd2c4,309,SUITE,3,159,ville,DISPONIBLE,2026-01-01 21:02:54.003,2026-01-01 21:02:54.003,0
6956e0fe33e2abe4be8bd77e,6956e0fd33e2abe4be8bd2c4,410,DOUBLE,2,95,cour intérieure,DISPONIBLE,2026-01-01 21:02:54.004,2026-01-01 21:02:54.004,0
6956e0fe33e2abe4be8bd780,6956e0fd33e2abe4be8bd2c4,401,SUITE,3,93,ville,DISPONIBLE,2026-01-01 21:02:54.006,2026-01-01 21:02:54.006,0
6956e0fe33e2abe4be8bd782,6956e0fd33e2abe4be8bd2c4,402,SUITE,3,421,montagne,OCCUPEE,2026-01-01 21:02:54.007,2026-01-01 21:02:54.007,0
6956e0fe33e2abe4be8bd784,6956e0fd33e2abe4be8bd2c4,403,DELUXE,4,399,cour intérieure,DISPONIBLE,2026-01-01 21:02:54.008,2026-01-01 21:02:54.008,0
6956e0fe33e2abe4be8bd786,6956e0fd33e2abe4be8bd2c4,404,SIMPLE,1,226,jardin,DISPONIBLE,2026-01-01 21:02:54.009,2026-01-01 21:02:54.009,0
6956e0fe33e2abe4be8bd788,6956e0fd33e2abe4be8bd2c4,405,DELUXE,4,333,mer,MAINTENANCE,2026-01-01 21:02:54.010,2026-01-01 21:02:54.010,0
6956e0fe33e2abe4be8bd78a,6956e0fd33e2abe4be8bd2c6,101,SIMPLE,1,408,cour intérieure,MAINTENANCE,2026-01-01 21:02:54.012,2026-01-01 21:02:54.012,0
6956e0fe33e2abe4be8bd78c,6956e0fd33e2abe4be8bd2c6,102,SIMPLE,1,492,ville,DISPONIBLE,2026-01-01 21:02:54.013,2026-01-01 21:02:54.013,0
6956e0fe33e2abe4be8bd78e,6956e0fd33e2abe4be8bd2c6,103,DELUXE,4,324,cour intérieure,DISPONIBLE,2026-01-01 21:02:54.014,2026-01-01 21:02:54.014,0
6956e0fe33e2abe4be8bd790,6956e0fd33e2abe4be8bd2c6,104,DELUXE,4,480,ville,MAINTENANCE,2026-01-01 21:02:54.015,2026-01-01 21:02:54.015,0
6956e0fe33e2abe4be8bd792,6956e0fd33e2abe4be8bd2c6,105,DOUBLE,2,300,panoramique,MAINTENANCE,2026-01-01 21:02:54.016,2026-01-01 21:02:54.016,0
6956e0fe33e2abe4be8bd794,6956e0fd33e2abe4be8bd2c6,106,SIMPLE,1,449,montagne,MAINTENANCE,2026-01-01 21:02:54.017,2026-01-01 21:02:54.017,0
6956e0fe33e2abe4be8bd796,6956e0fd33e2abe4be8bd2c6,107,DELUXE,4,498,jardin,OCCUPEE,2026-01-01 21:02:54.018,2026-01-01 21:02:54.018,0
6956e0fe33e2abe4be8bd798,6956e0fd33e2abe4be8bd2c6,108,DELUXE,4,433,ville,DISPONIBLE,2026-01-01 21:02:54.019,2026-01-01 21:02:54.019,0
6956e0fe33e2abe4be8bd79a,6956e0fd33e2abe4be8bd2c6,109,SIMPLE,1,452,jardin,MAINTENANCE,2026-01-01 21:02:54.021,2026-01-01 21:02:54.021,0
6956e0fe33e2abe4be8bd79c,6956e0fd33e2abe4be8bd2c6,210,SIMPLE,1,219,mer,OCCUPEE,2026-01-01 21:02:54.022,2026-01-01 21:02:54.022,0
6956e0fe33e2abe4be8bd79e,6956e0fd33e2abe4be8bd2c6,201,DELUXE,4,281,ville,DISPONIBLE,2026-01-01 21:02:54.024,2026-01-01 21:02:54.024,0
6956e0fe33e2abe4be8bd7a0,6956e0fd33e2abe4be8bd2c6,202,SIMPLE,1,222,ville,OCCUPEE,2026-01-01 21:02:54.025,2026-01-01 21:02:54.025,0
6956e0fe33e2abe4be8bd7a2,6956e0fd33e2abe4be8bd2c6,203,DOUBLE,2,176,jardin,OCCUPEE,2026-01-01 21:02:54.026,2026-01-01 21:02:54.026,0
6956e0fe33e2abe4be8bd7a4,6956e0fd33e2abe4be8bd2c6,204,SUITE,3,127,montagne,OCCUPEE,2026-01-01 21:02:54.027,2026-01-01 21:02:54.027,0
6956e0fe33e2abe4be8bd7a6,6956e0fd33e2abe4be8bd2c6,205,SIMPLE,1,439,ville,DISPONIBLE,2026-01-01 21:02:54.028,2026-01-01 21:02:54.028,0
6956e0fe33e2abe4be8bd7a8,6956e0fd33e2abe4be8bd2c6,206,SIMPLE,1,175,ville,MAINTENANCE,2026-01-01 21:02:54.029,2026-01-01 21:02:54.029,0
6956e0fe33e2abe4be8bd7aa,6956e0fd33e2abe4be8bd2c6,207,DOUBLE,2,108,montagne,MAINTENANCE,2026-01-01 21:02:54.029,2026-01-01 21:02:54.029,0
6956e0fe33e2abe4be8bd7ac,6956e0fd33e2abe4be8bd2c6,208,SUITE,3,343,jardin,MAINTENANCE,2026-01-01 21:02:54.030,2026-01-01 21:02:54.030,0
6956e0fe33e2abe4be8bd7ae,6956e0fd33e2abe4be8bd2c6,209,DOUBLE,2,82,jardin,OCCUPEE,2026-01-01 21:02:54.031,2026-01-01 21:02:54.031,0
6956e0fe33e2abe4be8bd7b0,6956e0fd33e2abe4be8bd2c6,310,SIMPLE,1,154,mer,DISPONIBLE,2026-01-01 21:02:54.032,2026-01-01 21:02:54.032,0
6956e0fe33e2abe4be8bd7b2,6956e0fd33e2abe4be8bd2c6,301,DOUBLE,2,164,jardin,MAINTENANCE,2026-01-01 21:02:54.033,2026-01-01 21:02:54.033,0
6956e0fe33e2abe4be8bd7b4,6956e0fd33e2abe4be8bd2c6,302,DOUBLE,2,231,cour intérieure,DISPONIBLE,2026-01-01 21:02:54.034,2026-01-01 21:02:54.034,0
6956e0fe33e2abe4be8bd7b6,6956e0fd33e2abe4be8bd2c6,303,DOUBLE,2,485,panoramique,DISPONIBLE,2026-01-01 21:02:54.035,2026-01-01 21:02:54.035,0
6956e0fe33e2abe4be8bd7b8,6956e0fd33e2abe4be8bd2c6,304,SUITE,3,119,mer,OCCUPEE,2026-01-01 21:02:54.036,2026-01-01 21:02:54.036,0
6956e0fe33e2abe4be8bd7ba,6956e0fd33e2abe4be8bd2c6,305,SIMPLE,1,421,cour intérieure,MAINTENANCE,2026-01-01 21:02:54.037,2026-01-01 21:02:54.037,0
6956e0fe33e2abe4be8bd7bc,6956e0fd33e2abe4be8bd2c6,306,SUITE,3,81,mer,DISPONIBLE,2026-01-01 21:02:54.038,2026-01-01 21:02:54.038,0
6956e0fe33e2abe4be8bd7be,6956e0fd33e2abe4be8bd2c6,307,DELUXE,4,311,jardin,MAINTENANCE,2026-01-01 21:02:54.039,2026-01-01 21:02:54.039,0
6956e0fe33e2abe4be8bd7c0,6956e0fd33e2abe4be8bd2c6,308,DELUXE,4,155,mer,OCCUPEE,2026-01-01 21:02:54.039,2026-01-01 21:02:54.039,0
6956e0fe33e2abe4be8bd7c2,6956e0fd33e2abe4be8bd2c6,309,DOUBLE,2,324,cour intérieure,DISPONIBLE,2026-01-01 21:02:54.040,2026-01-01 21:02:54.040,0
6956e0fe33e2abe4be8bd7c4,6956e0fd33e2abe4be8bd2c6,410,DELUXE,4,422,jardin,DISPONIBLE,2026-01-01 21:02:54.041,2026-01-01 21:02:54.041,0
6956e0fe33e2abe4be8bd7c6,6956e0fd33e2abe4be8bd2c6,401,SUITE,3,493,montagne,MAINTENANCE,2026-01-01 21:02:54.041,2026-01-01 21:02:54.041,0
6956e0fe33e2abe4be8bd7c8,6956e0fd33e2abe4be8bd2c6,402,DELUXE,4,196,panoramique,DISPONIBLE,2026-01-01 21:02:54.042,2026-01-01 21:02:54.042,0
6956e0fe33e2abe4be8bd7ca,6956e0fd33e2abe4be8bd2c6,403,SUITE,3,132,ville,DISPONIBLE,2026-01-01 21:02:54.042,2026-01-01 21:02:54.042,0
6956e0fe33e2abe4be8bd7cc,6956e0fd33e2abe4be8bd2c6,404,SUITE,3,201,ville,OCCUPEE,2026-01-01 21:02:54.043,2026-01-01 21:02:54.043,0
6956e0fe33e2abe4be8bd7ce,6956e0fd33e2abe4be8bd2c8,101,DOUBLE,2,382,ville,MAINTENANCE,2026-01-01 21:02:54.044,2026-01-01 21:02:54.044,0
6956e0fe33e2abe4be8bd7d0,6956e0fd33e2abe4be8bd2c8,102,DOUBLE,2,117,ville,OCCUPEE,2026-01-01 21:02:54.045,2026-01-01 21:02:54.045,0
6956e0fe33e2abe4be8bd7d2,6956e0fd33e2abe4be8bd2c8,103,SIMPLE,1,129,montagne,DISPONIBLE,2026-01-01 21:02:54.045,2026-01-01 21:02:54.045,0
6956e0fe33e2abe4be8bd7d4,6956e0fd33e2abe4be8bd2c8,104,DOUBLE,2,353,montagne,MAINTENANCE,2026-01-01 21:02:54.046,2026-01-01 21:02:54.046,0
6956e0fe33e2abe4be8bd7d6,6956e0fd33e2abe4be8bd2c8,105,DELUXE,4,155,montagne,MAINTENANCE,2026-01-01 21:02:54.047,2026-01-01 21:02:54.047,0
6956e0fe33e2abe4be8bd7d8,6956e0fd33e2abe4be8bd2c8,106,SIMPLE,1,128,montagne,OCCUPEE,2026-01-01 21:02:54.047,2026-01-01 21:02:54.047,0
6956e0fe33e2abe4be8bd7da,6956e0fd33e2abe4be8bd2c8,107,SIMPLE,1,472,mer,OCCUPEE,2026-01-01 21:02:54.048,2026-01-01 21:02:54.048,0
6956e0fe33e2abe4be8bd7dc,6956e0fd33e2abe4be8bd2c8,108,DELUXE,4,217,mer,MAINTENANCE,2026-01-01 21:02:54.049,2026-01-01 21:02:54.049,0
6956e0fe33e2abe4be8bd7de,6956e0fd33e2abe4be8bd2c8,109,SIMPLE,1,477,jardin,MAINTENANCE,2026-01-01 21:02:54.050,2026-01-01 21:02:54.050,0
6956e0fe33e2abe4be8bd7e0,6956e0fd33e2abe4be8bd2c8,210,SUITE,3,229,ville,DISPONIBLE,2026-01-01 21:02:54.050,2026-01-01 21:02:54.050,0
6956e0fe33e2abe4be8bd7e2,6956e0fd33e2abe4be8bd2c8,201,SIMPLE,1,160,ville,DISPONIBLE,2026-01-01 21:02:54.051,2026-01-01 21:02:54.051,0
6956e0fe33e2abe4be8bd7e4,6956e0fd33e2abe4be8bd2c8,202,DELUXE,4,212,montagne,MAINTENANCE,2026-01-01 21:02:54.052,2026-01-01 21:02:54.052,0
6956e0fe33e2abe4be8bd7e6,6956e0fd33e2abe4be8bd2c8,203,SUITE,3,134,ville,DISPONIBLE,2026-01-01 21:02:54.053,2026-01-01 21:02:54.053,0
6956e0fe33e2abe4be8bd7e8,6956e0fd33e2abe4be8bd2c8,204,SUITE,3,230,montagne,MAINTENANCE,2026-01-01 21:02:54.053,2026-01-01 21:02:54.053,0
6956e0fe33e2abe4be8bd7ea,6956e0fd33e2abe4be8bd2c8,205,SIMPLE,1,172,mer,MAINTENANCE,2026-01-01 21:02:54.054,2026-01-01 21:02:54.054,0
6956e0fe33e2abe4be8bd7ec,6956e0fd33e2abe4be8bd2c8,206,SIMPLE,1,427,ville,DISPONIBLE,2026-01-01 21:02:54.055,2026-01-01 21:02:54.055,0
6956e0fe33e2abe4be8bd7ee,6956e0fd33e2abe4be8bd2c8,207,DELUXE,4,222,cour intérieure,OCCUPEE,2026-01-01 21:02:54.056,2026-01-01 21:02:54.056,0
6956e0fe33e2abe4be8bd7f0,6956e0fd33e2abe4be8bd2c8,208,DOUBLE,2,292,jardin,DISPONIBLE,2026-01-01 21:02:54.056,2026-01-01 21:02:54.056,0
6956e0fe33e2abe4be8bd7f2,6956e0fd33e2abe4be8bd2c8,209,SIMPLE,1,322,panoramique,MAINTENANCE,2026-01-01 21:02:54.057,2026-01-01 21:02:54.057,0
6956e0fe33e2abe4be8bd7f4,6956e0fd33e2abe4be8bd2c8,310,SUITE,3,246,cour intérieure,DISPONIBLE,2026-01-01 21:02:54.058,2026-01-01 21:02:54.058,0
6956e0fe33e2abe4be8bd7f6,6956e0fd33e2abe4be8bd2c8,301,DOUBLE,2,347,ville,OCCUPEE,2026-01-01 21:02:54.059,2026-01-01 21:02:54.059,0
6956e0fe33e2abe4be8bd7f8,6956e0fd33e2abe4be8bd2c8,302,DELUXE,4,424,mer,DISPONIBLE,2026-01-01 21:02:54.060,2026-01-01 21:02:54.060,0
6956e0fe33e2abe4be8bd7fa,6956e0fd33e2abe4be8bd2c8,303,DELUXE,4,288,mer,DISPONIBLE,2026-01-01 21:02:54.061,2026-01-01 21:02:54.061,0
6956e0fe33e2abe4be8bd7fc,6956e0fd33e2abe4be8bd2c8,304,SUITE,3,232,ville,OCCUPEE,2026-01-01 21:02:54.061,2026-01-01 21:02:54.061,0
6956e0fe33e2abe4be8bd7fe,6956e0fd33e2abe4be8bd2c8,305,DOUBLE,2,441,mer,MAINTENANCE,2026-01-01 21:02:54.062,2026-01-01 21:02:54.062,0
6956e0fe33e2abe4be8bd800,6956e0fd33e2abe4be8bd2c8,306,DOUBLE,2,451,jardin,MAINTENANCE,2026-01-01 21:02:54.063,2026-01-01 21:02:54.063,0
6956e0fe33e2abe4be8bd802,6956e0fd33e2abe4be8bd2c8,307,SUITE,3,358,ville,MAINTENANCE,2026-01-01 21:02:54.063,2026-01-01 21:02:54.063,0
6956e0fe33e2abe4be8bd804,6956e0fd33e2abe4be8bd2c8,308,DELUXE,4,293,panoramique,MAINTENANCE,2026-01-01 21:02:54.064,2026-01-01 21:02:54.064,0
6956e0fe33e2abe4be8bd806,6956e0fd33e2abe4be8bd2c8,309,SIMPLE,1,264,jardin,DISPONIBLE,2026-01-01 21:02:54.065,2026-01-01 21:02:54.065,0
6956e0fe33e2abe4be8bd808,6956e0fd33e2abe4be8bd2c8,410,SUITE,3,282,ville,MAINTENANCE,2026-01-01 21:02:54.066,2026-01-01 21:02:54.066,0
6956e0fe33e2abe4be8bd80a,6956e0fd33e2abe4be8bd2ca,101,SUITE,3,312,mer,MAINTENANCE,2026-01-01 21:02:54.067,2026-01-01 21:02:54.067,0
6956e0fe33e2abe4be8bd80c,6956e0fd33e2abe4be8bd2ca,102,SUITE,3,362,jardin,MAINTENANCE,2026-01-01 21:02:54.067,2026-01-01 21:02:54.067,0
6956e0fe33e2abe4be8bd80e,6956e0fd33e2abe4be8bd2ca,103,SIMPLE,1,406,jardin,OCCUPEE,2026-01-01 21:02:54.068,2026-01-01 21:02:54.068,0
6956e0fe33e2abe4be8bd810,6956e0fd33e2abe4be8bd2ca,104,SIMPLE,1,149,jardin,OCCUPEE,2026-01-01 21:02:54.069,2026-01-01 21:02:54.069,0
6956e0fe33e2abe4be8bd812,6956e0fd33e2abe4be8bd2ca,105,SIMPLE,1,188,jardin,OCCUPEE,2026-01-01 21:02:54.070,2026-01-01 21:02:54.070,0
6956e0fe33e2abe4be8bd814,6956e0fd33e2abe4be8bd2ca,106,DELUXE,4,207,cour intérieure,OCCUPEE,2026-01-01 21:02:54.070,2026-01-01 21:02:54.070,0
6956e0fe33e2abe4be8bd816,6956e0fd33e2abe4be8bd2ca,107,SIMPLE,1,84,panoramique,OCCUPEE,2026-01-01 21:02:54.071,2026-01-01 21:02:54.071,0
6956e0fe33e2abe4be8bd818,6956e0fd33e2abe4be8bd2ca,108,DELUXE,4,347,ville,DISPONIBLE,2026-01-01 21:02:54.071,2026-01-01 21:02:54.071,0
6956e0fe33e2abe4be8bd81a,6956e0fd33e2abe4be8bd2ca,109,DELUXE,4,341,mer,OCCUPEE,2026-01-01 21:02:54.072,2026-01-01 21:02:54.072,0
6956e0fe33e2abe4be8bd81c,6956e0fd33e2abe4be8bd2ca,210,SIMPLE,1,492,montagne,MAINTENANCE,2026-01-01 21:02:54.073,2026-01-01 21:02:54.073,0
6956e0fe33e2abe4be8bd81e,6956e0fd33e2abe4be8bd2ca,201,DELUXE,4,131,jardin,MAINTENANCE,2026-01-01 21:02:54.074,2026-01-01 21:02:54.074,0
6956e0fe33e2abe4be8bd820,6956e0fd33e2abe4be8bd2ca,202,DELUXE,4,310,panoramique,MAINTENANCE,2026-01-01 21:02:54.075,2026-01-01 21:02:54.075,0
6956e0fe33e2abe4be8bd822,6956e0fd33e2abe4be8bd2ca,203,SIMPLE,1,110,panoramique,MAINTENANCE,2026-01-01 21:02:54.076,2026-01-01 21:02:54.076,0
6956e0fe33e2abe4be8bd824,6956e0fd33e2abe4be8bd2ca,204,DOUBLE,2,457,mer,DISPONIBLE,2026-01-01 21:02:54.076,2026-01-01 21:02:54.076,0
6956e0fe33e2abe4be8bd826,6956e0fd33e2abe4be8bd2ca,205,DELUXE,4,492,mer,DISPONIBLE,2026-01-01 21:02:54.077,2026-01-01 21:02:54.077,0
6956e0fe33e2abe4be8bd828,6956e0fd33e2abe4be8bd2ca,206,SUITE,3,231,ville,MAINTENANCE,2026-01-01 21:02:54.078,2026-01-01 21:02:54.078,0
6956e0fe33e2abe4be8bd82a,6956e0fd33e2abe4be8bd2ca,207,SIMPLE,1,349,panoramique,MAINTENANCE,2026-01-01 21:02:54.079,2026-01-01 21:02:54.079,0
6956e0fe33e2abe4be8bd82c,6956e0fd33e2abe4be8bd2ca,208,DOUBLE,2,455,panoramique,DISPONIBLE,2026-01-01 21:02:54.080,2026-01-01 21:02:54.080,0
6956e0fe33e2abe4be8bd82e,6956e0fd33e2abe4be8bd2ca,209,SUITE,3,265,montagne,DISPONIBLE,2026-01-01 21:02:54.081,2026-01-01 21:02:54.081,0
6956e0fe33e2abe4be8bd830,6956e0fd33e2abe4be8bd2ca,310,SIMPLE,1,126,jardin,DISPONIBLE,2026-01-01 21:02:54.081,2026-01-01 21:02:54.081,0
6956e0fe33e2abe4be8bd832,6956e0fd33e2abe4be8bd2ca,301,DOUBLE,2,293,montagne,DISPONIBLE,2026-01-01 21:02:54.082,2026-01-01 21:02:54.082,0
6956e0fe33e2abe4be8bd834,6956e0fd33e2abe4be8bd2ca,302,DOUBLE,2,204,ville,MAINTENANCE,2026-01-01 21:02:54.083,2026-01-01 21:02:54.083,0
6956e0fe33e2abe4be8bd836,6956e0fd33e2abe4be8bd2ca,303,DELUXE,4,286,panoramique,OCCUPEE,2026-01-01 21:02:54.084,2026-01-01 21:02:54.084,0
6956e0fe33e2abe4be8bd838,6956e0fd33e2abe4be8bd2ca,304,SUITE,3,433,panoramique,DISPONIBLE,2026-01-01 21:02:54.085,2026-01-01 21:02:54.085,0
6956e0fe33e2abe4be8bd83a,6956e0fd33e2abe4be8bd2ca,305,DOUBLE,2,453,ville,DISPONIBLE,2026-01-01 21:02:54.085,2026-01-01 21:02:54.085,0
6956e0fe33e2abe4be8bd83c,6956e0fd33e2abe4be8bd2ca,306,SUITE,3,462,ville,OCCUPEE,2026-01-01 21:02:54.086,2026-01-01 21:02:54.086,0
6956e0fe33e2abe4be8bd83e,6956e0fd33e2abe4be8bd2ca,307,DELUXE,4,86,montagne,MAINTENANCE,2026-01-01 21:02:54.087,2026-01-01 21:02:54.087,0
6956e0fe33e2abe4be8bd840,6956e0fd33e2abe4be8bd2ca,308,SUITE,3,219,ville,MAINTENANCE,2026-01-01 21:02:54.088,2026-01-01 21:02:54.088,0
6956e0fe33e2abe4be8bd842,6956e0fd33e2abe4be8bd2ca,309,DOUBLE,2,96,panoramique,OCCUPEE,2026-01-01 21:02:54.089,2026-01-01 21:02:54.089,0
6956e0fe33e2abe4be8bd844,6956e0fd33e2abe4be8bd2ca,410,DOUBLE,2,238,mer,OCCUPEE,2026-01-01 21:02:54.090,2026-01-01 21:02:54.090,0
6956e0fe33e2abe4be8bd846,6956e0fd33e2abe4be8bd2ca,401,DELUXE,4,324,cour intérieure,MAINTENANCE,2026-01-01 21:02:54.091,2026-01-01 21:02:54.091,0
6956e0fe33e2abe4be8bd848,6956e0fd33e2abe4be8bd2ca,402,SIMPLE,1,237,mer,DISPONIBLE,2026-01-01 21:02:54.092,2026-01-01 21:02:54.092,0
6956e0fe33e2abe4be8bd84a,6956e0fd33e2abe4be8bd2ca,403,DELUXE,4,394,ville,OCCUPEE,2026-01-01 21:02:54.092,2026-01-01 21:02:54.092,0
6956e0fe33e2abe4be8bd84c,6956e0fd33e2abe4be8bd2cc,101,SIMPLE,1,458,mer,DISPONIBLE,2026-01-01 21:02:54.093,2026-01-01 21:02:54.093,0
6956e0fe33e2abe4be8bd84e,6956e0fd33e2abe4be8bd2cc,102,DOUBLE,2,429,ville,OCCUPEE,2026-01-01 21:02:54.093,2026-01-01 21:02:54.093,0
6956e0fe33e2abe4be8bd850,6956e0fd33e2abe4be8bd2cc,103,SIMPLE,1,463,montagne,MAINTENANCE,2026-01-01 21:02:54.095,2026-01-01 21:02:54.095,0
6956e0fe33e2abe4be8bd852,6956e0fd33e2abe4be8bd2cc,104,SUITE,3,236,cour intérieure,MAINTENANCE,2026-01-01 21:02:54.095,2026-01-01 21:02:54.095,0
6956e0fe33e2abe4be8bd854,6956e0fd33e2abe4be8bd2cc,105,SUITE,3,141,ville,DISPONIBLE,2026-01-01 21:02:54.096,2026-01-01 21:02:54.096,0
6956e0fe33e2abe4be8bd856,6956e0fd33e2abe4be8bd2cc,106,SUITE,3,310,jardin,MAINTENANCE,2026-01-01 21:02:54.097,2026-01-01 21:02:54.097,0
6956e0fe33e2abe4be8bd858,6956e0fd33e2abe4be8bd2cc,107,DOUBLE,2,403,jardin,MAINTENANCE,2026-01-01 21:02:54.098,2026-01-01 21:02:54.098,0
6956e0fe33e2abe4be8bd85a,6956e0fd33e2abe4be8bd2cc,108,DOUBLE,2,379,montagne,OCCUPEE,2026-01-01 21:02:54.099,2026-01-01 21:02:54.099,0
6956e0fe33e2abe4be8bd85c,6956e0fd33e2abe4be8bd2cc,109,SUITE,3,312,cour intérieure,OCCUPEE,2026-01-01 21:02:54.099,2026-01-01 21:02:54.099,0
6956e0fe33e2abe4be8bd85e,6956e0fd33e2abe4be8bd2cc,210,SUITE,3,173,panoramique,DISPONIBLE,2026-01-01 21:02:54.100,2026-01-01 21:02:54.100,0
6956e0fe33e2abe4be8bd860,6956e0fd33e2abe4be8bd2cc,201,DELUXE,4,149,jardin,MAINTENANCE,2026-01-01 21:02:54.101,2026-01-01 21:02:54.101,0
6956e0fe33e2abe4be8bd862,6956e0fd33e2abe4be8bd2cc,202,DOUBLE,2,402,cour intérieure,DISPONIBLE,2026-01-01 21:02:54.101,2026-01-01 21:02:54.101,0
6956e0fe33e2abe4be8bd864,6956e0fd33e2abe4be8bd2cc,203,DELUXE,4,459,ville,OCCUPEE,2026-01-01 21:02:54.102,2026-01-01 21:02:54.102,0
6956e0fe33e2abe4be8bd866,6956e0fd33e2abe4be8bd2cc,204,DOUBLE,2,344,jardin,OCCUPEE,2026-01-01 21:02:54.103,2026-01-01 21:02:54.103,0
6956e0fe33e2abe4be8bd868,6956e0fd33e2abe4be8bd2cc,205,DOUBLE,2,363,montagne,MAINTENANCE,2026-01-01 21:02:54.104,2026-01-01 21:02:54.104,0
6956e0fe33e2abe4be8bd86a,6956e0fd33e2abe4be8bd2cc,206,DOUBLE,2,321,panoramique,OCCUPEE,2026-01-01 21:02:54.105,2026-01-01 21:02:54.105,0
6956e0fe33e2abe4be8bd86c,6956e0fd33e2abe4be8bd2cc,207,SUITE,3,357,ville,MAINTENANCE,2026-01-01 21:02:54.105,2026-01-01 21:02:54.105,0
6956e0fe33e2abe4be8bd86e,6956e0fd33e2abe4be8bd2cc,208,DOUBLE,2,80,montagne,DISPONIBLE,2026-01-01 21:02:54.106,2026-01-01 21:02:54.106,0
6956e0fe33e2abe4be8bd870,6956e0fd33e2abe4be8bd2cc,209,DOUBLE,2,105,panoramique,DISPONIBLE,2026-01-01 21:02:54.107,2026-01-01 21:02:54.107,0
6956e0fe33e2abe4be8bd872,6956e0fd33e2abe4be8bd2cc,310,SUITE,3,487,jardin,OCCUPEE,2026-01-01 21:02:54.107,2026-01-01 21:02:54.107,0
6956e0fe33e2abe4be8bd874,6956e0fd33e2abe4be8bd2cc,301,DELUXE,4,367,cour intérieure,MAINTENANCE,2026-01-01 21:02:54.108,2026-01-01 21:02:54.108,0
6956e0fe33e2abe4be8bd876,6956e0fd33e2abe4be8bd2cc,302,SUITE,3,463,jardin,DISPONIBLE,2026-01-01 21:02:54.109,2026-01-01 21:02:54.109,0
6956e0fe33e2abe4be8bd878,6956e0fd33e2abe4be8bd2cc,303,SUITE,3,326,mer,DISPONIBLE,2026-01-01 21:02:54.110,2026-01-01 21:02:54.110,0
6956e0fe33e2abe4be8bd87a,6956e0fd33e2abe4be8bd2cc,304,DOUBLE,2,348,mer,OCCUPEE,2026-01-01 21:02:54.110,2026-01-01 21:02:54.110,0
6956e0fe33e2abe4be8bd87c,6956e0fd33e2abe4be8bd2cc,305,SUITE,3,313,cour intérieure,OCCUPEE,2026-01-01 21:02:54.111,2026-01-01 21:02:54.111,0
6956e0fe33e2abe4be8bd87e,6956e0fd33e2abe4be8bd2cc,306,DELUXE,4,112,jardin,DISPONIBLE,2026-01-01 21:02:54.112,2026-01-01 21:02:54.112,0
6956e0fe33e2abe4be8bd880,6956e0fd33e2abe4be8bd2cc,307,DOUBLE,2,134,panoramique,MAINTENANCE,2026-01-01 21:02:54.112,2026-01-01 21:02:54.112,0
6956e0fe33e2abe4be8bd882,6956e0fd33e2abe4be8bd2cc,308,DELUXE,4,391,jardin,OCCUPEE,2026-01-01 21:02:54.113,2026-01-01 21:02:54.113,0
6956e0fe33e2abe4be8bd884,6956e0fd33e2abe4be8bd2cc,309,SUITE,3,346,montagne,DISPONIBLE,2026-01-01 21:02:54.114,2026-01-01 21:02:54.114,0
6956e0fe33e2abe4be8bd886,6956e0fd33e2abe4be8bd2cc,410,SUITE,3,373,montagne,DISPONIBLE,2026-01-01 21:02:54.114,2026-01-01 21:02:54.114,0
6956e0fe33e2abe4be8bd888,6956e0fd33e2abe4be8bd2cc,401,DELUXE,4,212,mer,MAINTENANCE,2026-01-01 21:02:54.115,2026-01-01 21:02:54.115,0
6956e0fe33e2abe4be8bd88a,6956e0fd33e2abe4be8bd2cc,402,SIMPLE,1,389,panoramique,OCCUPEE,2026-01-01 21:02:54.116,2026-01-01 21:02:54.116,0
6956e0fe33e2abe4be8bd88c,6956e0fd33e2abe4be8bd2cc,403,DELUXE,4,138,jardin,DISPONIBLE,2026-01-01 21:02:54.117,2026-01-01 21:02:54.117,0
6956e0fe33e2abe4be8bd88e,6956e0fd33e2abe4be8bd2ce,101,SIMPLE,1,454,mer,OCCUPEE,2026-01-01 21:02:54.117,2026-01-01 21:02:54.117,0
6956e0fe33e2abe4be8bd890,6956e0fd33e2abe4be8bd2ce,102,DELUXE,4,425,montagne,OCCUPEE,2026-01-01 21:02:54.118,2026-01-01 21:02:54.118,0
6956e0fe33e2abe4be8bd892,6956e0fd33e2abe4be8bd2ce,103,DELUXE,4,282,jardin,OCCUPEE,2026-01-01 21:02:54.119,2026-01-01 21:02:54.119,0
6956e0fe33e2abe4be8bd894,6956e0fd33e2abe4be8bd2ce,104,DOUBLE,2,212,ville,OCCUPEE,2026-01-01 21:02:54.120,2026-01-01 21:02:54.120,0
6956e0fe33e2abe4be8bd896,6956e0fd33e2abe4be8bd2ce,105,DOUBLE,2,453,jardin,OCCUPEE,2026-01-01 21:02:54.121,2026-01-01 21:02:54.121,0
6956e0fe33e2abe4be8bd898,6956e0fd33e2abe4be8bd2ce,106,DOUBLE,2,260,mer,DISPONIBLE,2026-01-01 21:02:54.121,2026-01-01 21:02:54.121,0
6956e0fe33e2abe4be8bd89a,6956e0fd33e2abe4be8bd2ce,107,SUITE,3,295,cour intérieure,DISPONIBLE,2026-01-01 21:02:54.122,2026-01-01 21:02:54.122,0
6956e0fe33e2abe4be8bd89c,6956e0fd33e2abe4be8bd2ce,108,DOUBLE,2,175,mer,MAINTENANCE,2026-01-01 21:02:54.123,2026-01-01 21:02:54.123,0
6956e0fe33e2abe4be8bd89e,6956e0fd33e2abe4be8bd2ce,109,SIMPLE,1,318,montagne,OCCUPEE,2026-01-01 21:02:54.124,2026-01-01 21:02:54.124,0
6956e0fe33e2abe4be8bd8a0,6956e0fd33e2abe4be8bd2ce,210,DELUXE,4,205,panoramique,MAINTENANCE,2026-01-01 21:02:54.125,2026-01-01 21:02:54.125,0
6956e0fe33e2abe4be8bd8a2,6956e0fd33e2abe4be8bd2ce,201,SUITE,3,360,jardin,MAINTENANCE,2026-01-01 21:02:54.125,2026-01-01 21:02:54.125,0
6956e0fe33e2abe4be8bd8a4,6956e0fd33e2abe4be8bd2ce,202,SUITE,3,171,panoramique,DISPONIBLE,2026-01-01 21:02:54.126,2026-01-01 21:02:54.126,0
6956e0fe33e2abe4be8bd8a6,6956e0fd33e2abe4be8bd2ce,203,DOUBLE,2,469,cour intérieure,OCCUPEE,2026-01-01 21:02:54.128,2026-01-01 21:02:54.128,0
6956e0fe33e2abe4be8bd8a8,6956e0fd33e2abe4be8bd2ce,204,SUITE,3,139,ville,OCCUPEE,2026-01-01 21:02:54.129,2026-01-01 21:02:54.129,0
6956e0fe33e2abe4be8bd8aa,6956e0fd33e2abe4be8bd2ce,205,DOUBLE,2,81,jardin,DISPONIBLE,2026-01-01 21:02:54.130,2026-01-01 21:02:54.130,0
6956e0fe33e2abe4be8bd8ac,6956e0fd33e2abe4be8bd2ce,206,DELUXE,4,470,cour intérieure,MAINTENANCE,2026-01-01 21:02:54.131,2026-01-01 21:02:54.131,0
6956e0fe33e2abe4be8bd8ae,6956e0fd33e2abe4be8bd2ce,207,SUITE,3,291,cour intérieure,MAINTENANCE,2026-01-01 21:02:54.131,2026-01-01 21:02:54.131,0
6956e0fe33e2abe4be8bd8b0,6956e0fd33e2abe4be8bd2ce,208,DOUBLE,2,472,ville,DISPONIBLE,2026-01-01 21:02:54.132,2026-01-01 21:02:54.132,0
6956e0fe33e2abe4be8bd8b2,6956e0fd33e2abe4be8bd2ce,209,SIMPLE,1,318,mer,DISPONIBLE,2026-01-01 21:02:54.134,2026-01-01 21:02:54.134,0
6956e0fe33e2abe4be8bd8b4,6956e0fd33e2abe4be8bd2ce,310,SUITE,3,216,ville,OCCUPEE,2026-01-01 21:02:54.134,2026-01-01 21:02:54.134,0
6956e0fe33e2abe4be8bd8b6,6956e0fd33e2abe4be8bd2ce,301,DOUBLE,2,251,cour intérieure,OCCUPEE,2026-01-01 21:02:54.135,2026-01-01 21:02:54.135,0
6956e0fe33e2abe4be8bd8b8,6956e0fd33e2abe4be8bd2ce,302,SIMPLE,1,143,panoramique,MAINTENANCE,2026-01-01 21:02:54.137,2026-01-01 21:02:54.137,0
6956e0fe33e2abe4be8bd8ba,6956e0fd33e2abe4be8bd2ce,303,DOUBLE,2,279,mer,MAINTENANCE,2026-01-01 21:02:54.138,2026-01-01 21:02:54.138,0
6956e0fe33e2abe4be8bd8bc,6956e0fd33e2abe4be8bd2ce,304,SIMPLE,1,164,cour intérieure,MAINTENANCE,2026-01-01 21:02:54.139,2026-01-01 21:02:54.139,0
6956e0fe33e2abe4be8bd8be,6956e0fd33e2abe4be8bd2ce,305,SIMPLE,1,319,cour intérieure,OCCUPEE,2026-01-01 21:02:54.140,2026-01-01 21:02:54.140,0
6956e0fe33e2abe4be8bd8c0,6956e0fd33e2abe4be8bd2ce,306,SUITE,3,127,ville,DISPONIBLE,2026-01-01 21:02:54.142,2026-01-01 21:02:54.142,0
6956e0fe33e2abe4be8bd8c2,6956e0fd33e2abe4be8bd2ce,307,DELUXE,4,237,jardin,MAINTENANCE,2026-01-01 21:02:54.143,2026-01-01 21:02:54.143,0
6956e0fe33e2abe4be8bd8c4,6956e0fd33e2abe4be8bd2ce,308,SIMPLE,1,87,ville,DISPONIBLE,2026-01-01 21:02:54.144,2026-01-01 21:02:54.144,0
6956e0fe33e2abe4be8bd8c6,6956e0fd33e2abe4be8bd2ce,309,DOUBLE,2,387,montagne,DISPONIBLE,2026-01-01 21:02:54.145,2026-01-01 21:02:54.145,0
6956e0fe33e2abe4be8bd8c8,6956e0fd33e2abe4be8bd2ce,410,DELUXE,4,242,cour intérieure,MAINTENANCE,2026-01-01 21:02:54.146,2026-01-01 21:02:54.146,0
6956e0fe33e2abe4be8bd8ca,6956e0fd33e2abe4be8bd2ce,401,DELUXE,4,394,jardin,DISPONIBLE,2026-01-01 21:02:54.147,2026-01-01 21:02:54.147,0
6956e0fe33e2abe4be8bd8cc,6956e0fd33e2abe4be8bd2ce,402,SUITE,3,474,mer,OCCUPEE,2026-01-01 21:02:54.148,2026-01-01 21:02:54.148,0
6956e0fe33e2abe4be8bd8ce,6956e0fd33e2abe4be8bd2ce,403,DELUXE,4,230,cour intérieure,OCCUPEE,2026-01-01 21:02:54.148,2026-01-01 21:02:54.148,0
6956e0fe33e2abe4be8bd8d0,6956e0fd33e2abe4be8bd2d0,101,SIMPLE,1,455,mer,MAINTENANCE,2026-01-01 21:02:54.150,2026-01-01 21:02:54.150,0
6956e0fe33e2abe4be8bd8d2,6956e0fd33e2abe4be8bd2d0,102,DELUXE,4,90,montagne,OCCUPEE,2026-01-01 21:02:54.150,2026-01-01 21:02:54.150,0
6956e0fe33e2abe4be8bd8d4,6956e0fd33e2abe4be8bd2d0,103,SIMPLE,1,83,mer,MAINTENANCE,2026-01-01 21:02:54.151,2026-01-01 21:02:54.151,0
6956e0fe33e2abe4be8bd8d6,6956e0fd33e2abe4be8bd2d0,104,DOUBLE,2,370,ville,OCCUPEE,2026-01-01 21:02:54.152,2026-01-01 21:02:54.152,0
6956e0fe33e2abe4be8bd8d8,6956e0fd33e2abe4be8bd2d0,105,SIMPLE,1,304,ville,DISPONIBLE,2026-01-01 21:02:54.152,2026-01-01 21:02:54.152,0
6956e0fe33e2abe4be8bd8da,6956e0fd33e2abe4be8bd2d0,106,DOUBLE,2,349,montagne,OCCUPEE,2026-01-01 21:02:54.153,2026-01-01 21:02:54.153,0
6956e0fe33e2abe4be8bd8dc,6956e0fd33e2abe4be8bd2d0,107,DELUXE,4,272,montagne,OCCUPEE,2026-01-01 21:02:54.154,2026-01-01 21:02:54.154,0
6956e0fe33e2abe4be8bd8de,6956e0fd33e2abe4be8bd2d0,108,DOUBLE,2,489,panoramique,MAINTENANCE,2026-01-01 21:02:54.155,2026-01-01 21:02:54.155,0
6956e0fe33e2abe4be8bd8e0,6956e0fd33e2abe4be8bd2d0,109,SUITE,3,259,mer,OCCUPEE,2026-01-01 21:02:54.155,2026-01-01 21:02:54.155,0
6956e0fe33e2abe4be8bd8e2,6956e0fd33e2abe4be8bd2d0,210,DOUBLE,2,299,cour intérieure,OCCUPEE,2026-01-01 21:02:54.157,2026-01-01 21:02:54.157,0
6956e0fe33e2abe4be8bd8e4,6956e0fd33e2abe4be8bd2d0,201,SUITE,3,118,montagne,OCCUPEE,2026-01-01 21:02:54.158,2026-01-01 21:02:54.158,0
6956e0fe33e2abe4be8bd8e6,6956e0fd33e2abe4be8bd2d0,202,SUITE,3,113,cour intérieure,OCCUPEE,2026-01-01 21:02:54.159,2026-01-01 21:02:54.159,0
6956e0fe33e2abe4be8bd8e8,6956e0fd33e2abe4be8bd2d0,203,DOUBLE,2,288,mer,DISPONIBLE,2026-01-01 21:02:54.161,2026-01-01 21:02:54.161,0
6956e0fe33e2abe4be8bd8ea,6956e0fd33e2abe4be8bd2d0,204,DOUBLE,2,487,cour intérieure,OCCUPEE,2026-01-01 21:02:54.162,2026-01-01 21:02:54.162,0
6956e0fe33e2abe4be8bd8ec,6956e0fd33e2abe4be8bd2d0,205,DOUBLE,2,342,cour intérieure,DISPONIBLE,2026-01-01 21:02:54.163,2026-01-01 21:02:54.163,0
6956e0fe33e2abe4be8bd8ee,6956e0fd33e2abe4be8bd2d0,206,SUITE,3,152,montagne,DISPONIBLE,2026-01-01 21:02:54.164,2026-01-01 21:02:54.164,0
6956e0fe33e2abe4be8bd8f0,6956e0fd33e2abe4be8bd2d0,207,SUITE,3,124,montagne,MAINTENANCE,2026-01-01 21:02:54.164,2026-01-01 21:02:54.164,0
6956e0fe33e2abe4be8bd8f2,6956e0fd33e2abe4be8bd2d0,208,SIMPLE,1,195,mer,DISPONIBLE,2026-01-01 21:02:54.166,2026-01-01 21:02:54.166,0
6956e0fe33e2abe4be8bd8f4,6956e0fd33e2abe4be8bd2d0,209,SIMPLE,1,230,montagne,OCCUPEE,2026-01-01 21:02:54.166,2026-01-01 21:02:54.166,0
6956e0fe33e2abe4be8bd8f6,6956e0fd33e2abe4be8bd2d0,310,SIMPLE,1,288,cour intérieure,DISPONIBLE,2026-01-01 21:02:54.167,2026-01-01 21:02:54.167,0
6956e0fe33e2abe4be8bd8f8,6956e0fd33e2abe4be8bd2d0,301,DOUBLE,2,83,jardin,DISPONIBLE,2026-01-01 21:02:54.168,2026-01-01 21:02:54.168,0
6956e0fe33e2abe4be8bd8fa,6956e0fd33e2abe4be8bd2d0,302,DOUBLE,2,131,cour intérieure,DISPONIBLE,2026-01-01 21:02:54.169,2026-01-01 21:02:54.169,0
6956e0fe33e2abe4be8bd8fc,6956e0fd33e2abe4be8bd2d0,303,DOUBLE,2,363,panoramique,DISPONIBLE,2026-01-01 21:02:54.170,2026-01-01 21:02:54.170,0
6956e0fe33e2abe4be8bd8fe,6956e0fd33e2abe4be8bd2d0,304,DELUXE,4,481,montagne,DISPONIBLE,2026-01-01 21:02:54.171,2026-01-01 21:02:54.171,0
6956e0fe33e2abe4be8bd900,6956e0fd33e2abe4be8bd2d0,305,SUITE,3,196,montagne,MAINTENANCE,2026-01-01 21:02:54.172,2026-01-01 21:02:54.172,0
6956e0fe33e2abe4be8bd902,6956e0fd33e2abe4be8bd2d0,306,DOUBLE,2,408,panoramique,DISPONIBLE,2026-01-01 21:02:54.173,2026-01-01 21:02:54.173,0
6956e0fe33e2abe4be8bd904,6956e0fd33e2abe4be8bd2d0,307,SIMPLE,1,235,cour intérieure,DISPONIBLE,2026-01-01 21:02:54.174,2026-01-01 21:02:54.174,0
6956e0fe33e2abe4be8bd906,6956e0fd33e2abe4be8bd2d0,308,DELUXE,4,373,jardin,MAINTENANCE,2026-01-01 21:02:54.176,2026-01-01 21:02:54.176,0
6956e0fe33e2abe4be8bd908,6956e0fd33e2abe4be8bd2d0,309,DOUBLE,2,169,montagne,MAINTENANCE,2026-01-01 21:02:54.177,2026-01-01 21:02:54.177,0
6956e0fe33e2abe4be8bd90a,6956e0fd33e2abe4be8bd2d2,101,DELUXE,4,264,jardin,DISPONIBLE,2026-01-01 21:02:54.177,2026-01-01 21:02:54.177,0
6956e0fe33e2abe4be8bd90c,6956e0fd33e2abe4be8bd2d2,102,SUITE,3,375,ville,MAINTENANCE,2026-01-01 21:02:54.178,2026-01-01 21:02:54.178,0
6956e0fe33e2abe4be8bd90e,6956e0fd33e2abe4be8bd2d2,103,SUITE,3,440,panoramique,MAINTENANCE,2026-01-01 21:02:54.179,2026-01-01 21:02:54.179,0
6956e0fe33e2abe4be8bd910,6956e0fd33e2abe4be8bd2d2,104,DOUBLE,2,481,panoramique,MAINTENANCE,2026-01-01 21:02:54.181,2026-01-01 21:02:54.181,0
6956e0fe33e2abe4be8bd912,6956e0fd33e2abe4be8bd2d2,105,SUITE,3,293,cour intérieure,DISPONIBLE,2026-01-01 21:02:54.182,2026-01-01 21:02:54.182,0
6956e0fe33e2abe4be8bd914,6956e0fd33e2abe4be8bd2d2,106,DOUBLE,2,477,jardin,OCCUPEE,2026-01-01 21:02:54.183,2026-01-01 21:02:54.183,0
6956e0fe33e2abe4be8bd916,6956e0fd33e2abe4be8bd2d2,107,SIMPLE,1,344,jardin,OCCUPEE,2026-01-01 21:02:54.184,2026-01-01 21:02:54.184,0
6956e0fe33e2abe4be8bd918,6956e0fd33e2abe4be8bd2d2,108,SIMPLE,1,189,panoramique,MAINTENANCE,2026-01-01 21:02:54.185,2026-01-01 21:02:54.185,0
6956e0fe33e2abe4be8bd91a,6956e0fd33e2abe4be8bd2d2,109,DELUXE,4,100,jardin,MAINTENANCE,2026-01-01 21:02:54.186,2026-01-01 21:02:54.186,0
6956e0fe33e2abe4be8bd91c,6956e0fd33e2abe4be8bd2d2,210,SIMPLE,1,217,montagne,MAINTENANCE,2026-01-01 21:02:54.187,2026-01-01 21:02:54.187,0
6956e0fe33e2abe4be8bd91e,6956e0fd33e2abe4be8bd2d2,201,DELUXE,4,375,jardin,OCCUPEE,2026-01-01 21:02:54.188,2026-01-01 21:02:54.188,0
6956e0fe33e2abe4be8bd920,6956e0fd33e2abe4be8bd2d2,202,SIMPLE,1,497,jardin,DISPONIBLE,2026-01-01 21:02:54.188,2026-01-01 21:02:54.188,0
6956e0fe33e2abe4be8bd922,6956e0fd33e2abe4be8bd2d2,203,DELUXE,4,312,jardin,MAINTENANCE,2026-01-01 21:02:54.190,2026-01-01 21:02:54.190,0
6956e0fe33e2abe4be8bd924,6956e0fd33e2abe4be8bd2d2,204,SIMPLE,1,148,montagne,OCCUPEE,2026-01-01 21:02:54.191,2026-01-01 21:02:54.191,0
6956e0fe33e2abe4be8bd926,6956e0fd33e2abe4be8bd2d2,205,DOUBLE,2,481,ville,OCCUPEE,2026-01-01 21:02:54.192,2026-01-01 21:02:54.192,0
6956e0fe33e2abe4be8bd928,6956e0fd33e2abe4be8bd2d2,206,SUITE,3,370,montagne,OCCUPEE,2026-01-01 21:02:54.193,2026-01-01 21:02:54.193,0
6956e0fe33e2abe4be8bd92a,6956e0fd33e2abe4be8bd2d2,207,DELUXE,4,193,montagne,MAINTENANCE,2026-01-01 21:02:54.195,2026-01-01 21:02:54.195,0
6956e0fe33e2abe4be8bd92c,6956e0fd33e2abe4be8bd2d2,208,SUITE,3,259,mer,OCCUPEE,2026-01-01 21:02:54.196,2026-01-01 21:02:54.196,0
6956e0fe33e2abe4be8bd92e,6956e0fd33e2abe4be8bd2d2,209,SIMPLE,1,454,jardin,OCCUPEE,2026-01-01 21:02:54.197,2026-01-01 21:02:54.197,0
6956e0fe33e2abe4be8bd930,6956e0fd33e2abe4be8bd2d2,310,DOUBLE,2,88,jardin,MAINTENANCE,2026-01-01 21:02:54.197,2026-01-01 21:02:54.197,0
6956e0fe33e2abe4be8bd932,6956e0fd33e2abe4be8bd2d2,301,SIMPLE,1,345,cour intérieure,MAINTENANCE,2026-01-01 21:02:54.198,2026-01-01 21:02:54.198,0
6956e0fe33e2abe4be8bd934,6956e0fd33e2abe4be8bd2d2,302,DELUXE,4,444,cour intérieure,MAINTENANCE,2026-01-01 21:02:54.199,2026-01-01 21:02:54.199,0
6956e0fe33e2abe4be8bd936,6956e0fd33e2abe4be8bd2d2,303,DOUBLE,2,344,ville,DISPONIBLE,2026-01-01 21:02:54.200,2026-01-01 21:02:54.200,0
6956e0fe33e2abe4be8bd938,6956e0fd33e2abe4be8bd2d2,304,DOUBLE,2,454,jardin,OCCUPEE,2026-01-01 21:02:54.201,2026-01-01 21:02:54.201,0
6956e0fe33e2abe4be8bd93a,6956e0fd33e2abe4be8bd2d2,305,SUITE,3,417,panoramique,DISPONIBLE,2026-01-01 21:02:54.201,2026-01-01 21:02:54.201,0
6956e0fe33e2abe4be8bd93c,6956e0fd33e2abe4be8bd2d2,306,SUITE,3,119,panoramique,MAINTENANCE,2026-01-01 21:02:54.202,2026-01-01 21:02:54.202,0
6956e0fe33e2abe4be8bd93e,6956e0fd33e2abe4be8bd2d2,307,DOUBLE,2,200,montagne,OCCUPEE,2026-01-01 21:02:54.202,2026-01-01 21:02:54.202,0
6956e0fe33e2abe4be8bd940,6956e0fd33e2abe4be8bd2d2,308,SUITE,3,185,panoramique,OCCUPEE,2026-01-01 21:02:54.203,2026-01-01 21:02:54.203,0
6956e0fe33e2abe4be8bd942,6956e0fd33e2abe4be8bd2d2,309,SIMPLE,1,236,mer,OCCUPEE,2026-01-01 21:02:54.205,2026-01-01 21:02:54.205,0
6956e0fe33e2abe4be8bd944,6956e0fd33e2abe4be8bd2d2,410,SIMPLE,1,277,ville,MAINTENANCE,2026-01-01 21:02:54.206,2026-01-01 21:02:54.206,0
6956e0fe33e2abe4be8bd946,6956e0fd33e2abe4be8bd2d2,401,DELUXE,4,361,montagne,DISPONIBLE,2026-01-01 21:02:54.208,2026-01-01 21:02:54.208,0
6956e0fe33e2abe4be8bd948,6956e0fd33e2abe4be8bd2d2,402,DELUXE,4,382,montagne,DISPONIBLE,2026-01-01 21:02:54.209,2026-01-01 21:02:54.209,0
6956e0fe33e2abe4be8bd94a,6956e0fd33e2abe4be8bd2d2,403,DOUBLE,2,204,ville,OCCUPEE,2026-01-01 21:02:54.209,2026-01-01 21:02:54.209,0
