_id,client,chambre,datedebut,datefin,services,montantTotal,statut,createdAt,updatedAt,__v,annee,mois
6956e0fe33e2abe4be8bd94f,6956e0fc33e2abe4be8bd2a4,6956e0fe33e2abe4be8bd824,2025-02-02,2025-02-09,"[ObjectId('6956e0fd33e2abe4be8bd427'), ObjectId('6956e0fd33e2abe4be8bd425'), ObjectId('6956e0fd33e2abe4be8bd41d')]",5761,TERMINEE,2026-01-01 21:02:54.303,2026-01-01 21:02:54.303,0,2025,2
6956e0fe33e2abe4be8bd957,6956e0f733e2abe4be8bd210,6956e0fd33e2abe4be8bd57a,2024-10-19,2024-10-25,"[ObjectId('6956e0fd33e2abe4be8bd33c'), ObjectId('6956e0fd33e2abe4be8bd332')]",3264,TERMINEE,2026-01-01 21:02:54.334,2026-01-01 21:02:54.334,0,2024,10
6956e0fe33e2abe4be8bd95f,6956e0f933e2abe4be8bd24c,6956e0fd33e2abe4be8bd6fe,2025-02-19,2025-02-26,[ObjectId('6956e0fd33e2abe4be8bd3c0')],3381,TERMINEE,2026-01-01 21:02:54.341,2026-01-01 21:02:54.341,0,2025,2
6956e0fe33e2abe4be8bd967,6956e0fc33e2abe4be8bd298,6956e0fd33e2abe4be8bd66a,2024-10-22,2024-10-26,"[ObjectId('6956e0fd33e2abe4be8bd39c'), ObjectId('6956e0fd33e2abe4be8bd38e')]",2100,ANNULEE,2026-01-01 21:02:54.348,2026-01-01 21:02:54.348,0,2024,10
6956e0fe33e2abe4be8bd96a,6956e0f533e2abe4be8bd1e8,6956e0fd33e2abe4be8bd688,2025-01-30,2025-01-31,"[ObjectId('6956e0fd33e2abe4be8bd396'), ObjectId('6956e0fd33e2abe4be8bd38c')]",603,ANNULEE,2026-01-01 21:02:54.352,2026-01-01 21:02:54.352,0,2025,1
6956e0fe33e2abe4be8bd96d,6956e0f733e2abe4be8bd212,6956e0fd33e2abe4be8bd596,2025-02-04,2025-02-11,[ObjectId('6956e0fd33e2abe4be8bd346')],3010,ANNULEE,2026-01-01 21:02:54.355,2026-01-01 21:02:54.355,0,2025,2
6956e0fe33e2abe4be8bd970,6956e0f833e2abe4be8bd236,6956e0fe33e2abe4be8bd828,2024-12-18,2024-12-21,[ObjectId('6956e0fd33e2abe4be8bd421')],996,ANNULEE,2026-01-01 21:02:54.358,2026-01-01 21:02:54.358,0,2024,12
6956e0fe33e2abe4be8bd973,6956e0f733e2abe4be8bd216,6956e0fe33e2abe4be8bd79a,2024-11-21,2024-11-23,[],904,TERMINEE,2026-01-01 21:02:54.364,2026-01-01 21:02:54.364,0,2024,11
6956e0fe33e2abe4be8bd97b,6956e0f733e2abe4be8bd220,6956e0fd33e2abe4be8bd71a,2025-03-19,2025-03-23,"[ObjectId('6956e0fd33e2abe4be8bd3cf'), ObjectId('6956e0fd33e2abe4be8bd3d9')]",2468,TERMINEE,2026-01-01 21:02:54.372,2026-01-01 21:02:54.372,0,2025,3
6956e0fe33e2abe4be8bd983,6956e0fc33e2abe4be8bd296,6956e0fd33e2abe4be8bd6ee,2024-10-20,2024-10-24,"[ObjectId('6956e0fd33e2abe4be8bd3c2'), ObjectId('6956e0fd33e2abe4be8bd3bc')]",2160,TERMINEE,2026-01-01 21:02:54.381,2026-01-01 21:02:54.381,0,2024,10
6956e0fe33e2abe4be8bd98b,6956e0f533e2abe4be8bd1ea,6956e0fd33e2abe4be8bd766,2025-02-05,2025-02-11,"[ObjectId('6956e0fd33e2abe4be8bd3ea'), ObjectId('6956e0fd33e2abe4be8bd3e8')]",3966,TERMINEE,2026-01-01 21:02:54.390,2026-01-01 21:02:54.390,0,2025,2
6956e0fe33e2abe4be8bd993,6956e0f633e2abe4be8bd1f6,6956e0fd33e2abe4be8bd4da,2025-01-24,2025-01-28,"[ObjectId('6956e0fd33e2abe4be8bd2f3'), ObjectId('6956e0fd33e2abe4be8bd2f5')]",1028,TERMINEE,2026-01-01 21:02:54.396,2026-01-01 21:02:54.396,0,2025,1
6956e0fe33e2abe4be8bd99b,6956e0f533e2abe4be8bd1ea,6956e0fd33e2abe4be8bd552,2025-01-20,2025-01-23,[],768,ANNULEE,2026-01-01 21:02:54.401,2026-01-01 21:02:54.401,0,2025,1
6956e0fe33e2abe4be8bd99e,6956e0fc33e2abe4be8bd2a2,6956e0fd33e2abe4be8bd6be,2024-10-22,2024-10-23,[ObjectId('6956e0fd33e2abe4be8bd3a9')],162,TERMINEE,2026-01-01 21:02:54.404,2026-01-01 21:02:54.404,0,2024,10
6956e0fe33e2abe4be8bd9a6,6956e0f933e2abe4be8bd24c,6956e0fd33e2abe4be8bd6da,2024-10-10,2024-10-15,[ObjectId('6956e0fd33e2abe4be8bd3c6')],2640,ANNULEE,2026-01-01 21:02:54.415,2026-01-01 21:02:54.415,0,2024,10
6956e0fe33e2abe4be8bd9a9,6956e0fd33e2abe4be8bd2a8,6956e0fd33e2abe4be8bd5c6,2025-01-05,2025-01-10,"[ObjectId('6956e0fd33e2abe4be8bd349'), ObjectId('6956e0fd33e2abe4be8bd35b')]",2675,TERMINEE,2026-01-01 21:02:54.418,2026-01-01 21:02:54.418,0,2025,1
6956e0fe33e2abe4be8bd9b1,6956e0fa33e2abe4be8bd260,6956e0fd33e2abe4be8bd67e,2025-01-29,2025-02-05,"[ObjectId('6956e0fd33e2abe4be8bd39c'), ObjectId('6956e0fd33e2abe4be8bd398')]",4102,TERMINEE,2026-01-01 21:02:54.425,2026-01-01 21:02:54.425,0,2025,1
6956e0fe33e2abe4be8bd9b9,6956e0f933e2abe4be8bd246,6956e0fd33e2abe4be8bd64c,2024-11-02,2024-11-06,[ObjectId('6956e0fd33e2abe4be8bd389')],2424,ANNULEE,2026-01-01 21:02:54.432,2026-01-01 21:02:54.432,0,2024,11
6956e0fe33e2abe4be8bd9bc,6956e0fa33e2abe4be8bd25e,6956e0fd33e2abe4be8bd6a6,2024-10-10,2024-10-14,"[ObjectId('6956e0fd33e2abe4be8bd3ab'), ObjectId('6956e0fd33e2abe4be8bd3b5')]",1792,TERMINEE,2026-01-01 21:02:54.436,2026-01-01 21:02:54.436,0,2024,10
6956e0fe33e2abe4be8bd9c4,6956e0fb33e2abe4be8bd27a,6956e0fd33e2abe4be8bd692,2025-01-05,2025-01-07,[],196,ANNULEE,2026-01-01 21:02:54.442,2026-01-01 21:02:54.442,0,2025,1
6956e0fe33e2abe4be8bd9c7,6956e0fc33e2abe4be8bd2a4,6956e0fd33e2abe4be8bd6b2,2024-11-18,2024-11-19,[],287,ANNULEE,2026-01-01 21:02:54.444,2026-01-01 21:02:54.444,0,2024,11
6956e0fe33e2abe4be8bd9ca,6956e0fb33e2abe4be8bd28c,6956e0fe33e2abe4be8bd88a,2024-12-06,2024-12-13,[],2723,ANNULEE,2026-01-01 21:02:54.446,2026-01-01 21:02:54.446,0,2024,12
6956e0fe33e2abe4be8bd9cd,6956e0f533e2abe4be8bd1ea,6956e0fe33e2abe4be8bd8a6,2025-01-17,2025-01-18,[ObjectId('6956e0fd33e2abe4be8bd44b')],700,TERMINEE,2026-01-01 21:02:54.449,2026-01-01 21:02:54.449,0,2025,1
6956e0fe33e2abe4be8bd9d5,6956e0f933e2abe4be8bd25a,6956e0fd33e2abe4be8bd5ba,2025-03-25,2025-03-30,[],1915,TERMINEE,2026-01-01 21:02:54.458,2026-01-01 21:02:54.458,0,2025,3
6956e0fe33e2abe4be8bd9da,6956e0fc33e2abe4be8bd290,6956e0fd33e2abe4be8bd4e4,2025-03-04,2025-03-05,"[ObjectId('6956e0fd33e2abe4be8bd301'), ObjectId('6956e0fd33e2abe4be8bd2f3'), ObjectId('6956e0fd33e2abe4be8bd2fd')]",786,TERMINEE,2026-01-01 21:02:54.462,2026-01-01 21:02:54.462,0,2025,3
6956e0fe33e2abe4be8bd9e2,6956e0f533e2abe4be8bd1ea,6956e0fd33e2abe4be8bd52e,2025-03-17,2025-03-21,"[ObjectId('6956e0fd33e2abe4be8bd308'), ObjectId('6956e0fd33e2abe4be8bd30a'), ObjectId('6956e0fd33e2abe4be8bd30c')]",2224,ANNULEE,2026-01-01 21:02:54.470,2026-01-01 21:02:54.470,0,2025,3
6956e0fe33e2abe4be8bd9e5,6956e0f933e2abe4be8bd24c,6956e0fe33e2abe4be8bd922,2025-01-09,2025-01-11,"[ObjectId('6956e0fd33e2abe4be8bd47d'), ObjectId('6956e0fd33e2abe4be8bd47b')]",1010,TERMINEE,2026-01-01 21:02:54.474,2026-01-01 21:02:54.474,0,2025,1
6956e0fe33e2abe4be8bd9ed,6956e0f933e2abe4be8bd25a,6956e0fd33e2abe4be8bd6d0,2025-02-20,2025-02-23,"[ObjectId('6956e0fd33e2abe4be8bd3a5'), ObjectId('6956e0fd33e2abe4be8bd3b3')]",1746,TERMINEE,2026-01-01 21:02:54.482,2026-01-01 21:02:54.482,0,2025,2
6956e0fe33e2abe4be8bd9f5,6956e0fd33e2abe4be8bd2aa,6956e0fd33e2abe4be8bd4fe,2024-12-29,2025-01-02,[],368,TERMINEE,2026-01-01 21:02:54.489,2026-01-01 21:02:54.489,0,2024,12
6956e0fe33e2abe4be8bd9fa,6956e0f933e2abe4be8bd244,6956e0fe33e2abe4be8bd876,2025-03-15,2025-03-17,[],926,TERMINEE,2026-01-01 21:02:54.494,2026-01-01 21:02:54.494,0,2025,3
6956e0fe33e2abe4be8bda02,6956e0f933e2abe4be8bd256,6956e0fd33e2abe4be8bd662,2024-12-17,2024-12-23,"[ObjectId('6956e0fd33e2abe4be8bd392'), ObjectId('6956e0fd33e2abe4be8bd39e')]",3558,TERMINEE,2026-01-01 21:02:54.500,2026-01-01 21:02:54.500,0,2024,12
6956e0fe33e2abe4be8bda0a,6956e0fa33e2abe4be8bd262,6956e0fe33e2abe4be8bd830,2024-10-15,2024-10-19,[ObjectId('6956e0fd33e2abe4be8bd41f')],812,TERMINEE,2026-01-01 21:02:54.505,2026-01-01 21:02:54.505,0,2024,10
6956e0fe33e2abe4be8bda0f,6956e0fc33e2abe4be8bd28e,6956e0fd33e2abe4be8bd542,2025-01-02,2025-01-09,[],1099,TERMINEE,2026-01-01 21:02:54.509,2026-01-01 21:02:54.509,0,2025,1
6956e0fe33e2abe4be8bda14,6956e0fc33e2abe4be8bd29c,6956e0fe33e2abe4be8bd87c,2025-01-31,2025-02-07,[ObjectId('6956e0fd33e2abe4be8bd436')],2618,TERMINEE,2026-01-01 21:02:54.511,2026-01-01 21:02:54.511,0,2025,1
6956e0fe33e2abe4be8bda1c,6956e0fc33e2abe4be8bd294,6956e0fd33e2abe4be8bd5c8,2024-11-02,2024-11-06,[],428,ANNULEE,2026-01-01 21:02:54.516,2026-01-01 21:02:54.516,0,2024,11
6956e0fe33e2abe4be8bda1f,6956e0fc33e2abe4be8bd2a2,6956e0fd33e2abe4be8bd648,2025-01-07,2025-01-13,[ObjectId('6956e0fd33e2abe4be8bd375')],2094,TERMINEE,2026-01-01 21:02:54.519,2026-01-01 21:02:54.519,0,2025,1
6956e0fe33e2abe4be8bda27,6956e0fa33e2abe4be8bd26e,6956e0fd33e2abe4be8bd694,2025-02-05,2025-02-07,"[ObjectId('6956e0fd33e2abe4be8bd3ad'), ObjectId('6956e0fd33e2abe4be8bd3ab'), ObjectId('6956e0fd33e2abe4be8bd3a5')]",2012,TERMINEE,2026-01-01 21:02:54.524,2026-01-01 21:02:54.524,0,2025,2
6956e0fe33e2abe4be8bda2f,6956e0f733e2abe4be8bd220,6956e0fe33e2abe4be8bd810,2024-12-08,2024-12-09,[],149,TERMINEE,2026-01-01 21:02:54.531,2026-01-01 21:02:54.531,0,2024,12
6956e0fe33e2abe4be8bda37,6956e0f933e2abe4be8bd250,6956e0fd33e2abe4be8bd51e,2025-01-13,2025-01-20,[],2681,TERMINEE,2026-01-01 21:02:54.537,2026-01-01 21:02:54.537,0,2025,1
6956e0fe33e2abe4be8bda3f,6956e0f733e2abe4be8bd21c,6956e0fd33e2abe4be8bd542,2025-01-29,2025-02-03,"[ObjectId('6956e0fd33e2abe4be8bd32d'), ObjectId('6956e0fd33e2abe4be8bd31b')]",2805,TERMINEE,2026-01-01 21:02:54.542,2026-01-01 21:02:54.542,0,2025,1
6956e0fe33e2abe4be8bda44,6956e0f933e2abe4be8bd24e,6956e0fe33e2abe4be8bd8fc,2025-01-16,2025-01-22,"[ObjectId('6956e0fd33e2abe4be8bd460'), ObjectId('6956e0fd33e2abe4be8bd46c'), ObjectId('6956e0fd33e2abe4be8bd462')]",4278,ANNULEE,2026-01-01 21:02:54.546,2026-01-01 21:02:54.546,0,2025,1
6956e0fe33e2abe4be8bda47,6956e0fa33e2abe4be8bd266,6956e0fd33e2abe4be8bd550,2025-02-28,2025-03-07,[ObjectId('6956e0fd33e2abe4be8bd327')],3283,ANNULEE,2026-01-01 21:02:54.549,2026-01-01 21:02:54.549,0,2025,2
6956e0fe33e2abe4be8bda4a,6956e0fc33e2abe4be8bd298,6956e0fd33e2abe4be8bd65a,2024-12-08,2024-12-15,[],3465,TERMINEE,2026-01-01 21:02:54.552,2026-01-01 21:02:54.552,0,2024,12
6956e0fe33e2abe4be8bda52,6956e0f533e2abe4be8bd1ec,6956e0fe33e2abe4be8bd7b8,2024-12-26,2024-12-29,[],357,ANNULEE,2026-01-01 21:02:54.557,2026-01-01 21:02:54.557,0,2024,12
6956e0fe33e2abe4be8bda55,6956e0f533e2abe4be8bd1ee,6956e0fd33e2abe4be8bd64e,2025-03-23,2025-03-29,[ObjectId('6956e0fd33e2abe4be8bd385')],4026,TERMINEE,2026-01-01 21:02:54.560,2026-01-01 21:02:54.560,0,2025,3
6956e0fe33e2abe4be8bda5d,6956e0f633e2abe4be8bd208,6956e0fd33e2abe4be8bd56c,2024-10-29,2024-10-31,[],494,ANNULEE,2026-01-01 21:02:54.566,2026-01-01 21:02:54.566,0,2024,10
6956e0fe33e2abe4be8bda60,6956e0fa33e2abe4be8bd270,6956e0fd33e2abe4be8bd51a,2025-01-07,2025-01-11,"[ObjectId('6956e0fd33e2abe4be8bd30a'), ObjectId('6956e0fd33e2abe4be8bd30e')]",2300,TERMINEE,2026-01-01 21:02:54.568,2026-01-01 21:02:54.568,0,2025,1
6956e0fe33e2abe4be8bda68,6956e0f833e2abe4be8bd240,6956e0fd33e2abe4be8bd6ca,2025-01-29,2025-02-01,"[ObjectId('6956e0fd33e2abe4be8bd3b1'), ObjectId('6956e0fd33e2abe4be8bd3b3')]",1599,TERMINEE,2026-01-01 21:02:54.572,2026-01-01 21:02:54.572,0,2025,1
6956e0fe33e2abe4be8bda70,6956e0f533e2abe4be8bd1e4,6956e0fd33e2abe4be8bd646,2024-10-18,2024-10-22,"[ObjectId('6956e0fd33e2abe4be8bd375'), ObjectId('6956e0fd33e2abe4be8bd381'), ObjectId('6956e0fd33e2abe4be8bd37b')]",2800,TERMINEE,2026-01-01 21:02:54.577,2026-01-01 21:02:54.577,0,2024,10
6956e0fe33e2abe4be8bda78,6956e0fc33e2abe4be8bd2a0,6956e0fd33e2abe4be8bd746,2024-11-07,2024-11-08,"[ObjectId('6956e0fd33e2abe4be8bd3e4'), ObjectId('6956e0fd33e2abe4be8bd3e0')]",700,TERMINEE,2026-01-01 21:02:54.583,2026-01-01 21:02:54.583,0,2024,11
6956e0fe33e2abe4be8bda80,6956e0fb33e2abe4be8bd274,6956e0fe33e2abe4be8bd7d8,2024-11-15,2024-11-18,[ObjectId('6956e0fd33e2abe4be8bd412')],447,TERMINEE,2026-01-01 21:02:54.589,2026-01-01 21:02:54.589,0,2024,11
6956e0fe33e2abe4be8bda88,6956e0fb33e2abe4be8bd286,6956e0fd33e2abe4be8bd49a,2024-12-08,2024-12-11,[],909,TERMINEE,2026-01-01 21:02:54.594,2026-01-01 21:02:54.594,0,2024,12
6956e0fe33e2abe4be8bda90,6956e0f833e2abe4be8bd234,6956e0fe33e2abe4be8bd7cc,2024-10-28,2024-11-02,[ObjectId('6956e0fd33e2abe4be8bd3f7')],1560,ANNULEE,2026-01-01 21:02:54.599,2026-01-01 21:02:54.599,0,2024,10
6956e0fe33e2abe4be8bda93,6956e0fb33e2abe4be8bd286,6956e0fd33e2abe4be8bd76c,2025-02-19,2025-02-25,[],1830,TERMINEE,2026-01-01 21:02:54.602,2026-01-01 21:02:54.602,0,2025,2
6956e0fe33e2abe4be8bda9b,6956e0f633e2abe4be8bd1f6,6956e0fe33e2abe4be8bd84e,2025-02-28,2025-03-04,"[ObjectId('6956e0fd33e2abe4be8bd430'), ObjectId('6956e0fd33e2abe4be8bd436'), ObjectId('6956e0fd33e2abe4be8bd442')]",2960,TERMINEE,2026-01-01 21:02:54.607,2026-01-01 21:02:54.607,0,2025,2
6956e0fe33e2abe4be8bdaa3,6956e0fc33e2abe4be8bd29c,6956e0fd33e2abe4be8bd64e,2025-03-04,2025-03-10,[],2976,ANNULEE,2026-01-01 21:02:54.612,2026-01-01 21:02:54.612,0,2025,3
6956e0fe33e2abe4be8bdaa6,6956e0fb33e2abe4be8bd286,6956e0fd33e2abe4be8bd54c,2024-11-14,2024-11-17,"[ObjectId('6956e0fd33e2abe4be8bd323'), ObjectId('6956e0fd33e2abe4be8bd32b'), ObjectId('6956e0fd33e2abe4be8bd32d')]",1746,TERMINEE,2026-01-01 21:02:54.614,2026-01-01 21:02:54.614,0,2024,11
6956e0fe33e2abe4be8bdaab,6956e0fa33e2abe4be8bd266,6956e0fd33e2abe4be8bd764,2024-12-26,2024-12-28,[],844,TERMINEE,2026-01-01 21:02:54.617,2026-01-01 21:02:54.617,0,2024,12
6956e0fe33e2abe4be8bdab3,6956e0f933e2abe4be8bd258,6956e0fe33e2abe4be8bd862,2024-10-16,2024-10-18,"[ObjectId('6956e0fd33e2abe4be8bd43a'), ObjectId('6956e0fd33e2abe4be8bd434')]",1498,TERMINEE,2026-01-01 21:02:54.623,2026-01-01 21:02:54.623,0,2024,10
6956e0fe33e2abe4be8bdabb,6956e0fa33e2abe4be8bd262,6956e0fd33e2abe4be8bd732,2024-11-27,2024-12-01,[ObjectId('6956e0fd33e2abe4be8bd3c9')],948,TERMINEE,2026-01-01 21:02:54.628,2026-01-01 21:02:54.628,0,2024,11
6956e0fe33e2abe4be8bdac3,6956e0fc33e2abe4be8bd298,6956e0fd33e2abe4be8bd632,2024-11-16,2024-11-18,[],268,TERMINEE,2026-01-01 21:02:54.633,2026-01-01 21:02:54.633,0,2024,11
6956e0fe33e2abe4be8bdacb,6956e0fa33e2abe4be8bd26e,6956e0fd33e2abe4be8bd756,2024-10-17,2024-10-24,[ObjectId('6956e0fd33e2abe4be8bd3de')],4641,TERMINEE,2026-01-01 21:02:54.638,2026-01-01 21:02:54.638,0,2024,10
6956e0fe33e2abe4be8bdad3,6956e0f633e2abe4be8bd206,6956e0fe33e2abe4be8bd946,2024-10-10,2024-10-14,[],1444,TERMINEE,2026-01-01 21:02:54.643,2026-01-01 21:02:54.643,0,2024,10
6956e0fe33e2abe4be8bdadb,6956e0fa33e2abe4be8bd26a,6956e0fe33e2abe4be8bd850,2025-03-30,2025-03-31,"[ObjectId('6956e0fd33e2abe4be8bd436'), ObjectId('6956e0fd33e2abe4be8bd42e')]",667,TERMINEE,2026-01-01 21:02:54.649,2026-01-01 21:02:54.649,0,2025,3
6956e0fe33e2abe4be8bdae3,6956e0f933e2abe4be8bd24c,6956e0fd33e2abe4be8bd65a,2024-12-09,2024-12-10,[],495,TERMINEE,2026-01-01 21:02:54.655,2026-01-01 21:02:54.655,0,2024,12
6956e0fe33e2abe4be8bdae8,6956e0fc33e2abe4be8bd2a0,6956e0fd33e2abe4be8bd4fe,2025-02-14,2025-02-19,[],460,TERMINEE,2026-01-01 21:02:54.660,2026-01-01 21:02:54.660,0,2025,2
6956e0fe33e2abe4be8bdaf0,6956e0f833e2abe4be8bd240,6956e0fd33e2abe4be8bd56a,2024-11-01,2024-11-06,"[ObjectId('6956e0fd33e2abe4be8bd319'), ObjectId('6956e0fd33e2abe4be8bd32b')]",1760,TERMINEE,2026-01-01 21:02:54.668,2026-01-01 21:02:54.668,0,2024,11
6956e0fe33e2abe4be8bdaf8,6956e0fa33e2abe4be8bd25c,6956e0fe33e2abe4be8bd874,2024-10-08,2024-10-10,"[ObjectId('6956e0fd33e2abe4be8bd43a'), ObjectId('6956e0fd33e2abe4be8bd438')]",1444,ANNULEE,2026-01-01 21:02:54.676,2026-01-01 21:02:54.676,0,2024,10
6956e0fe33e2abe4be8bdafb,6956e0fb33e2abe4be8bd280,6956e0fd33e2abe4be8bd754,2025-03-15,2025-03-16,[ObjectId('6956e0fd33e2abe4be8bd3e8')],615,TERMINEE,2026-01-01 21:02:54.679,2026-01-01 21:02:54.679,0,2025,3
6956e0fe33e2abe4be8bdb03,6956e0f833e2abe4be8bd234,6956e0fe33e2abe4be8bd870,2024-10-03,2024-10-08,[],525,ANNULEE,2026-01-01 21:02:54.684,2026-01-01 21:02:54.684,0,2024,10
6956e0fe33e2abe4be8bdb06,6956e0fb33e2abe4be8bd27e,6956e0fd33e2abe4be8bd6e6,2024-11-26,2024-11-30,[ObjectId('6956e0fd33e2abe4be8bd3c2')],1120,TERMINEE,2026-01-01 21:02:54.686,2026-01-01 21:02:54.686,0,2024,11
6956e0fe33e2abe4be8bdb0e,6956e0fc33e2abe4be8bd294,6956e0fd33e2abe4be8bd704,2025-03-05,2025-03-12,"[ObjectId('6956e0fd33e2abe4be8bd3ba'), ObjectId('6956e0fd33e2abe4be8bd3bc')]",3976,TERMINEE,2026-01-01 21:02:54.695,2026-01-01 21:02:54.695,0,2025,3
6956e0fe33e2abe4be8bdb16,6956e0f833e2abe4be8bd23a,6956e0fd33e2abe4be8bd558,2025-02-23,2025-03-01,[ObjectId('6956e0fd33e2abe4be8bd32b')],1152,TERMINEE,2026-01-01 21:02:54.701,2026-01-01 21:02:54.701,0,2025,2
6956e0fe33e2abe4be8bdb1e,6956e0fa33e2abe4be8bd268,6956e0fd33e2abe4be8bd6ec,2025-02-11,2025-02-18,[],2065,ANNULEE,2026-01-01 21:02:54.707,2026-01-01 21:02:54.707,0,2025,2
6956e0fe33e2abe4be8bdb21,6956e0f933e2abe4be8bd24e,6956e0fd33e2abe4be8bd64e,2025-02-16,2025-02-23,[ObjectId('6956e0fd33e2abe4be8bd389')],4991,TERMINEE,2026-01-01 21:02:54.710,2026-01-01 21:02:54.710,0,2025,2
6956e0fe33e2abe4be8bdb26,6956e0f733e2abe4be8bd214,6956e0fe33e2abe4be8bd7b6,2024-11-17,2024-11-23,[],2910,ANNULEE,2026-01-01 21:02:54.714,2026-01-01 21:02:54.714,0,2024,11
6956e0fe33e2abe4be8bdb29,6956e0f833e2abe4be8bd22a,6956e0fe33e2abe4be8bd8c8,2024-11-17,2024-11-24,"[ObjectId('6956e0fd33e2abe4be8bd45b'), ObjectId('6956e0fd33e2abe4be8bd453'), ObjectId('6956e0fd33e2abe4be8bd451')]",3248,TERMINEE,2026-01-01 21:02:54.716,2026-01-01 21:02:54.716,0,2024,11
6956e0fe33e2abe4be8bdb31,6956e0f533e2abe4be8bd1ee,6956e0fe33e2abe4be8bd864,2025-02-16,2025-02-20,[],1836,TERMINEE,2026-01-01 21:02:54.722,2026-01-01 21:02:54.722,0,2025,2
6956e0fe33e2abe4be8bdb39,6956e0fa33e2abe4be8bd25c,6956e0fd33e2abe4be8bd63a,2025-03-21,2025-03-25,"[ObjectId('6956e0fd33e2abe4be8bd377'), ObjectId('6956e0fd33e2abe4be8bd37f')]",2028,ANNULEE,2026-01-01 21:02:54.728,2026-01-01 21:02:54.728,0,2025,3
6956e0fe33e2abe4be8bdb3c,6956e0fb33e2abe4be8bd274,6956e0fe33e2abe4be8bd85c,2024-11-30,2024-12-07,"[ObjectId('6956e0fd33e2abe4be8bd434'), ObjectId('6956e0fd33e2abe4be8bd438')]",4004,ANNULEE,2026-01-01 21:02:54.730,2026-01-01 21:02:54.730,0,2024,11
6956e0fe33e2abe4be8bdb3f,6956e0f633e2abe4be8bd1fa,6956e0fd33e2abe4be8bd5ce,2024-10-06,2024-10-09,[ObjectId('6956e0fd33e2abe4be8bd355')],1161,TERMINEE,2026-01-01 21:02:54.732,2026-01-01 21:02:54.732,0,2024,10
6956e0fe33e2abe4be8bdb47,6956e0f733e2abe4be8bd210,6956e0fe33e2abe4be8bd7b8,2025-02-08,2025-02-12,[],476,TERMINEE,2026-01-01 21:02:54.738,2026-01-01 21:02:54.738,0,2025,2
6956e0fe33e2abe4be8bdb4c,6956e0fd33e2abe4be8bd2a6,6956e0fe33e2abe4be8bd8f8,2025-02-22,2025-02-28,[ObjectId('6956e0fd33e2abe4be8bd470')],798,TERMINEE,2026-01-01 21:02:54.742,2026-01-01 21:02:54.742,0,2025,2
6956e0fe33e2abe4be8bdb51,6956e0fb33e2abe4be8bd28a,6956e0fe33e2abe4be8bd8d8,2024-12-14,2024-12-17,[],912,TERMINEE,2026-01-01 21:02:54.745,2026-01-01 21:02:54.745,0,2024,12
6956e0fe33e2abe4be8bdb59,6956e0f833e2abe4be8bd22e,6956e0fd33e2abe4be8bd4a8,2024-11-17,2024-11-19,"[ObjectId('6956e0fd33e2abe4be8bd2dc'), ObjectId('6956e0fd33e2abe4be8bd2e6'), ObjectId('6956e0fd33e2abe4be8bd2de')]",1506,TERMINEE,2026-01-01 21:02:54.751,2026-01-01 21:02:54.751,0,2024,11
6956e0fe33e2abe4be8bdb61,6956e0f633e2abe4be8bd1f8,6956e0fe33e2abe4be8bd854,2025-01-02,2025-01-09,[],987,ANNULEE,2026-01-01 21:02:54.756,2026-01-01 21:02:54.756,0,2025,1
6956e0fe33e2abe4be8bdb64,6956e0f933e2abe4be8bd244,6956e0fd33e2abe4be8bd5a4,2024-11-07,2024-11-10,"[ObjectId('6956e0fd33e2abe4be8bd346'), ObjectId('6956e0fd33e2abe4be8bd344'), ObjectId('6956e0fd33e2abe4be8bd336')]",1341,TERMINEE,2026-01-01 21:02:54.759,2026-01-01 21:02:54.759,0,2024,11
6956e0fe33e2abe4be8bdb6c,6956e0f933e2abe4be8bd24e,6956e0fd33e2abe4be8bd5aa,2025-02-05,2025-02-11,[ObjectId('6956e0fd33e2abe4be8bd351')],1206,TERMINEE,2026-01-01 21:02:54.766,2026-01-01 21:02:54.766,0,2025,2
6956e0fe33e2abe4be8bdb74,6956e0f933e2abe4be8bd248,6956e0fd33e2abe4be8bd5d6,2024-12-11,2024-12-14,[ObjectId('6956e0fd33e2abe4be8bd35b')],1335,TERMINEE,2026-01-01 21:02:54.771,2026-01-01 21:02:54.771,0,2024,12
6956e0fe33e2abe4be8bdb7c,6956e0f633e2abe4be8bd20a,6956e0fd33e2abe4be8bd5cc,2025-01-20,2025-01-23,"[ObjectId('6956e0fd33e2abe4be8bd351'), ObjectId('6956e0fd33e2abe4be8bd35b')]",921,TERMINEE,2026-01-01 21:02:54.779,2026-01-01 21:02:54.779,0,2025,1
6956e0fe33e2abe4be8bdb84,6956e0fa33e2abe4be8bd264,6956e0fd33e2abe4be8bd6d6,2024-10-19,2024-10-21,[ObjectId('6956e0fd33e2abe4be8bd3c0')],1190,ANNULEE,2026-01-01 21:02:54.784,2026-01-01 21:02:54.784,0,2024,10
6956e0fe33e2abe4be8bdb87,6956e0fc33e2abe4be8bd29c,6956e0fe33e2abe4be8bd7fa,2024-12-06,2024-12-10,[],1152,TERMINEE,2026-01-01 21:02:54.788,2026-01-01 21:02:54.788,0,2024,12
6956e0fe33e2abe4be8bdb8f,6956e0fb33e2abe4be8bd274,6956e0fe33e2abe4be8bd87c,2024-12-05,2024-12-10,"[ObjectId('6956e0fd33e2abe4be8bd430'), ObjectId('6956e0fd33e2abe4be8bd42e')]",3085,TERMINEE,2026-01-01 21:02:54.795,2026-01-01 21:02:54.795,0,2024,12
6956e0fe33e2abe4be8bdb97,6956e0f833e2abe4be8bd22c,6956e0fe33e2abe4be8bd7fc,2025-01-31,2025-02-02,"[ObjectId('6956e0fd33e2abe4be8bd404'), ObjectId('6956e0fd33e2abe4be8bd408')]",812,ANNULEE,2026-01-01 21:02:54.801,2026-01-01 21:02:54.801,0,2025,1
6956e0fe33e2abe4be8bdb9a,6956e0f533e2abe4be8bd1f0,6956e0fd33e2abe4be8bd55c,2024-12-07,2024-12-10,[],840,TERMINEE,2026-01-01 21:02:54.802,2026-01-01 21:02:54.802,0,2024,12
6956e0fe33e2abe4be8bdba2,6956e0f733e2abe4be8bd21c,6956e0fe33e2abe4be8bd860,2025-03-12,2025-03-15,"[ObjectId('6956e0fd33e2abe4be8bd432'), ObjectId('6956e0fd33e2abe4be8bd43e'), ObjectId('6956e0fd33e2abe4be8bd438')]",1887,ANNULEE,2026-01-01 21:02:54.807,2026-01-01 21:02:54.807,0,2025,3
6956e0fe33e2abe4be8bdba5,6956e0fa33e2abe4be8bd264,6956e0fe33e2abe4be8bd81a,2025-01-15,2025-01-17,"[ObjectId('6956e0fd33e2abe4be8bd429'), ObjectId('6956e0fd33e2abe4be8bd41d')]",1226,TERMINEE,2026-01-01 21:02:54.810,2026-01-01 21:02:54.810,0,2025,1
6956e0fe33e2abe4be8bdbad,6956e0fc33e2abe4be8bd2a0,6956e0fd33e2abe4be8bd72e,2024-10-09,2024-10-11,[],548,TERMINEE,2026-01-01 21:02:54.814,2026-01-01 21:02:54.814,0,2024,10
6956e0fe33e2abe4be8bdbb5,6956e0f733e2abe4be8bd222,6956e0fd33e2abe4be8bd76e,2024-11-18,2024-11-19,"[ObjectId('6956e0fd33e2abe4be8bd3e8'), ObjectId('6956e0fd33e2abe4be8bd3e2')]",521,TERMINEE,2026-01-01 21:02:54.820,2026-01-01 21:02:54.820,0,2024,11
6956e0fe33e2abe4be8bdbbd,6956e0fb33e2abe4be8bd274,6956e0fe33e2abe4be8bd7e2,2025-01-27,2025-01-31,[ObjectId('6956e0fd33e2abe4be8bd41a')],1060,TERMINEE,2026-01-01 21:02:54.827,2026-01-01 21:02:54.827,0,2025,1
6956e0fe33e2abe4be8bdbc2,6956e0fc33e2abe4be8bd29c,6956e0fe33e2abe4be8bd782,2025-02-15,2025-02-21,[],2526,TERMINEE,2026-01-01 21:02:54.833,2026-01-01 21:02:54.833,0,2025,2
6956e0fe33e2abe4be8bdbca,6956e0f833e2abe4be8bd236,6956e0fd33e2abe4be8bd508,2025-03-01,2025-03-07,[],2262,ANNULEE,2026-01-01 21:02:54.839,2026-01-01 21:02:54.839,0,2025,3
6956e0fe33e2abe4be8bdbcd,6956e0f933e2abe4be8bd24c,6956e0fe33e2abe4be8bd92c,2024-10-24,2024-10-28,[ObjectId('6956e0fd33e2abe4be8bd481')],1176,ANNULEE,2026-01-01 21:02:54.842,2026-01-01 21:02:54.842,0,2024,10
6956e0fe33e2abe4be8bdbd0,6956e0f933e2abe4be8bd252,6956e0fe33e2abe4be8bd8bc,2025-03-03,2025-03-07,[],656,TERMINEE,2026-01-01 21:02:54.845,2026-01-01 21:02:54.845,0,2025,3
6956e0fe33e2abe4be8bdbd8,6956e0f633e2abe4be8bd20e,6956e0fe33e2abe4be8bd942,2025-02-12,2025-02-17,"[ObjectId('6956e0fd33e2abe4be8bd483'), ObjectId('6956e0fd33e2abe4be8bd47d')]",2615,TERMINEE,2026-01-01 21:02:54.850,2026-01-01 21:02:54.850,0,2025,2
6956e0fe33e2abe4be8bdbe0,6956e0fb33e2abe4be8bd284,6956e0fd33e2abe4be8bd6e8,2025-02-05,2025-02-09,[ObjectId('6956e0fd33e2abe4be8bd3be')],1464,TERMINEE,2026-01-01 21:02:54.854,2026-01-01 21:02:54.854,0,2025,2
6956e0fe33e2abe4be8bdbe8,6956e0fd33e2abe4be8bd2aa,6956e0fe33e2abe4be8bd82c,2024-11-16,2024-11-19,"[ObjectId('6956e0fd33e2abe4be8bd427'), ObjectId('6956e0fd33e2abe4be8bd421')]",2151,TERMINEE,2026-01-01 21:02:54.860,2026-01-01 21:02:54.860,0,2024,11
6956e0fe33e2abe4be8bdbf0,6956e0fd33e2abe4be8bd2aa,6956e0fe33e2abe4be8bd932,2025-01-19,2025-01-23,"[ObjectId('6956e0fd33e2abe4be8bd481'), ObjectId('6956e0fd33e2abe4be8bd485')]",1956,TERMINEE,2026-01-01 21:02:54.865,2026-01-01 21:02:54.865,0,2025,1
6956e0fe33e2abe4be8bdbf8,6956e0f933e2abe4be8bd246,6956e0fd33e2abe4be8bd4ec,2025-03-29,2025-03-30,[ObjectId('6956e0fd33e2abe4be8bd2ef')],570,TERMINEE,2026-01-01 21:02:54.870,2026-01-01 21:02:54.870,0,2025,3
6956e0fe33e2abe4be8bdbfd,6956e0fb33e2abe4be8bd27a,6956e0fd33e2abe4be8bd4dc,2024-11-17,2024-11-24,"[ObjectId('6956e0fd33e2abe4be8bd2f9'), ObjectId('6956e0fd33e2abe4be8bd2f7')]",5327,TERMINEE,2026-01-01 21:02:54.873,2026-01-01 21:02:54.873,0,2024,11
6956e0fe33e2abe4be8bdc05,6956e0f533e2abe4be8bd1ea,6956e0fe33e2abe4be8bd92c,2025-03-24,2025-03-30,"[ObjectId('6956e0fd33e2abe4be8bd475'), ObjectId('6956e0fd33e2abe4be8bd481')]",2640,TERMINEE,2026-01-01 21:02:54.883,2026-01-01 21:02:54.883,0,2025,3
6956e0fe33e2abe4be8bdc0d,6956e0f733e2abe4be8bd212,6956e0fd33e2abe4be8bd4b6,2025-03-20,2025-03-21,[],410,TERMINEE,2026-01-01 21:02:54.891,2026-01-01 21:02:54.891,0,2025,3
6956e0fe33e2abe4be8bdc15,6956e0f833e2abe4be8bd22c,6956e0fe33e2abe4be8bd886,2025-03-15,2025-03-20,[],1865,TERMINEE,2026-01-01 21:02:54.897,2026-01-01 21:02:54.897,0,2025,3
6956e0fe33e2abe4be8bdc1a,6956e0fc33e2abe4be8bd294,6956e0fd33e2abe4be8bd6e4,2024-11-07,2024-11-10,[ObjectId('6956e0fd33e2abe4be8bd3c2')],1620,TERMINEE,2026-01-01 21:02:54.899,2026-01-01 21:02:54.899,0,2024,11
6956e0fe33e2abe4be8bdc22,6956e0f933e2abe4be8bd244,6956e0fe33e2abe4be8bd948,2024-11-26,2024-11-30,[],1528,ANNULEE,2026-01-01 21:02:54.904,2026-01-01 21:02:54.904,0,2024,11
6956e0fe33e2abe4be8bdc25,6956e0f533e2abe4be8bd1e8,6956e0fd33e2abe4be8bd5aa,2025-01-16,2025-01-22,[],708,TERMINEE,2026-01-01 21:02:54.907,2026-01-01 21:02:54.907,0,2025,1
6956e0fe33e2abe4be8bdc2d,6956e0fc33e2abe4be8bd2a4,6956e0fd33e2abe4be8bd73e,2024-10-31,2024-11-02,"[ObjectId('6956e0fd33e2abe4be8bd3cf'), ObjectId('6956e0fd33e2abe4be8bd3c9'), ObjectId('6956e0fd33e2abe4be8bd3d5')]",1598,TERMINEE,2026-01-01 21:02:54.913,2026-01-01 21:02:54.913,0,2024,10
6956e0fe33e2abe4be8bdc35,6956e0f533e2abe4be8bd1f4,6956e0fe33e2abe4be8bd920,2025-01-09,2025-01-10,"[ObjectId('6956e0fd33e2abe4be8bd47b'), ObjectId('6956e0fd33e2abe4be8bd47f')]",565,ANNULEE,2026-01-01 21:02:54.918,2026-01-01 21:02:54.918,0,2025,1
6956e0fe33e2abe4be8bdc38,6956e0f833e2abe4be8bd22e,6956e0fd33e2abe4be8bd514,2024-10-06,2024-10-13,[ObjectId('6956e0fd33e2abe4be8bd316')],2870,TERMINEE,2026-01-01 21:02:54.919,2026-01-01 21:02:54.919,0,2024,10
6956e0fe33e2abe4be8bdc40,6956e0f533e2abe4be8bd1ee,6956e0fe33e2abe4be8bd8c0,2024-12-22,2024-12-28,"[ObjectId('6956e0fd33e2abe4be8bd453'), ObjectId('6956e0fd33e2abe4be8bd459')]",1686,TERMINEE,2026-01-01 21:02:54.927,2026-01-01 21:02:54.927,0,2024,12
6956e0fe33e2abe4be8bdc48,6956e0f933e2abe4be8bd256,6956e0fd33e2abe4be8bd514,2024-11-24,2024-11-25,"[ObjectId('6956e0fd33e2abe4be8bd314'), ObjectId('6956e0fd33e2abe4be8bd30c')]",581,TERMINEE,2026-01-01 21:02:54.933,2026-01-01 21:02:54.933,0,2024,11
6956e0fe33e2abe4be8bdc50,6956e0f633e2abe4be8bd1fc,6956e0fd33e2abe4be8bd6f8,2025-03-19,2025-03-20,[],337,ANNULEE,2026-01-01 21:02:54.939,2026-01-01 21:02:54.939,0,2025,3
6956e0fe33e2abe4be8bdc53,6956e0f933e2abe4be8bd24e,6956e0fd33e2abe4be8bd662,2024-11-02,2024-11-03,[],252,TERMINEE,2026-01-01 21:02:54.942,2026-01-01 21:02:54.942,0,2024,11
6956e0fe33e2abe4be8bdc5b,6956e0f633e2abe4be8bd204,6956e0fd33e2abe4be8bd6ec,2024-11-27,2024-12-03,[],1770,TERMINEE,2026-01-01 21:02:54.948,2026-01-01 21:02:54.948,0,2024,11
6956e0fe33e2abe4be8bdc60,6956e0f933e2abe4be8bd244,6956e0fe33e2abe4be8bd8ec,2025-03-17,2025-03-19,"[ObjectId('6956e0fd33e2abe4be8bd470'), ObjectId('6956e0fd33e2abe4be8bd466')]",1250,TERMINEE,2026-01-01 21:02:54.951,2026-01-01 21:02:54.951,0,2025,3
6956e0fe33e2abe4be8bdc68,6956e0f633e2abe4be8bd1fa,6956e0fe33e2abe4be8bd908,2024-10-10,2024-10-15,"[ObjectId('6956e0fd33e2abe4be8bd46a'), ObjectId('6956e0fd33e2abe4be8bd460')]",2200,TERMINEE,2026-01-01 21:02:54.958,2026-01-01 21:02:54.958,0,2024,10
6956e0fe33e2abe4be8bdc70,6956e0fa33e2abe4be8bd264,6956e0fe33e2abe4be8bd900,2024-11-27,2024-12-02,[ObjectId('6956e0fd33e2abe4be8bd464')],1415,TERMINEE,2026-01-01 21:02:54.963,2026-01-01 21:02:54.963,0,2024,11
6956e0fe33e2abe4be8bdc78,6956e0f933e2abe4be8bd24a,6956e0fd33e2abe4be8bd50c,2025-03-31,2025-04-07,"[ObjectId('6956e0fd33e2abe4be8bd312'), ObjectId('6956e0fd33e2abe4be8bd316'), ObjectId('6956e0fd33e2abe4be8bd30a')]",3178,ANNULEE,2026-01-01 21:02:54.971,2026-01-01 21:02:54.971,0,2025,3
6956e0fe33e2abe4be8bdc7b,6956e0f933e2abe4be8bd246,6956e0fd33e2abe4be8bd6e8,2025-01-24,2025-01-28,"[ObjectId('6956e0fd33e2abe4be8bd3ba'), ObjectId('6956e0fd33e2abe4be8bd3c0')]",2056,ANNULEE,2026-01-01 21:02:54.976,2026-01-01 21:02:54.976,0,2025,1
6956e0fe33e2abe4be8bdc7e,6956e0f633e2abe4be8bd1fa,6956e0fd33e2abe4be8bd64e,2025-03-22,2025-03-25,"[ObjectId('6956e0fd33e2abe4be8bd381'), ObjectId('6956e0fd33e2abe4be8bd385'), ObjectId('6956e0fd33e2abe4be8bd387')]",2724,TERMINEE,2026-01-01 21:02:54.981,2026-01-01 21:02:54.981,0,2025,3
6956e0fe33e2abe4be8bdc86,6956e0fa33e2abe4be8bd262,6956e0fd33e2abe4be8bd578,2025-04-01,2025-04-05,[],1680,ANNULEE,2026-01-01 21:02:54.987,2026-01-01 21:02:54.987,0,2025,4
6956e0fe33e2abe4be8bdc89,6956e0fb33e2abe4be8bd282,6956e0fe33e2abe4be8bd78a,2024-12-28,2025-01-03,[],2448,TERMINEE,2026-01-01 21:02:54.990,2026-01-01 21:02:54.990,0,2024,12
6956e0fe33e2abe4be8bdc8e,6956e0f933e2abe4be8bd254,6956e0fe33e2abe4be8bd8e0,2024-11-05,2024-11-06,"[ObjectId('6956e0fd33e2abe4be8bd46c'), ObjectId('6956e0fd33e2abe4be8bd462')]",423,TERMINEE,2026-01-01 21:02:54.994,2026-01-01 21:02:54.994,0,2024,11
6956e0fe33e2abe4be8bdc93,6956e0fa33e2abe4be8bd268,6956e0fe33e2abe4be8bd7f0,2024-11-12,2024-11-17,[],1460,TERMINEE,2026-01-01 21:02:54.998,2026-01-01 21:02:54.998,0,2024,11
6956e0ff33e2abe4be8bdc9b,6956e0fb33e2abe4be8bd28a,6956e0fd33e2abe4be8bd704,2024-12-10,2024-12-16,"[ObjectId('6956e0fd33e2abe4be8bd3be'), ObjectId('6956e0fd33e2abe4be8bd3c2'), ObjectId('6956e0fd33e2abe4be8bd3bc')]",4680,ANNULEE,2026-01-01 21:02:55.004,2026-01-01 21:02:55.004,0,2024,12
6956e0ff33e2abe4be8bdc9e,6956e0f633e2abe4be8bd20e,6956e0fd33e2abe4be8bd4a6,2025-01-08,2025-01-11,[],600,TERMINEE,2026-01-01 21:02:55.007,2026-01-01 21:02:55.007,0,2025,1
6956e0ff33e2abe4be8bdca6,6956e0f933e2abe4be8bd24c,6956e0fd33e2abe4be8bd676,2024-12-03,2024-12-07,"[ObjectId('6956e0fd33e2abe4be8bd38c'), ObjectId('6956e0fd33e2abe4be8bd38e')]",1864,ANNULEE,2026-01-01 21:02:55.014,2026-01-01 21:02:55.014,0,2024,12
6956e0ff33e2abe4be8bdca9,6956e0fa33e2abe4be8bd26c,6956e0fe33e2abe4be8bd872,2025-01-12,2025-01-18,[],2922,ANNULEE,2026-01-01 21:02:55.019,2026-01-01 21:02:55.019,0,2025,1
6956e0ff33e2abe4be8bdcac,6956e0f733e2abe4be8bd216,6956e0fd33e2abe4be8bd59e,2025-01-10,2025-01-16,"[ObjectId('6956e0fd33e2abe4be8bd342'), ObjectId('6956e0fd33e2abe4be8bd33a')]",4746,TERMINEE,2026-01-01 21:02:55.021,2026-01-01 21:02:55.021,0,2025,1
6956e0ff33e2abe4be8bdcb4,6956e0f633e2abe4be8bd20a,6956e0fd33e2abe4be8bd4bc,2025-03-10,2025-03-17,"[ObjectId('6956e0fd33e2abe4be8bd2f7'), ObjectId('6956e0fd33e2abe4be8bd2f5')]",4592,ANNULEE,2026-01-01 21:02:55.030,2026-01-01 21:02:55.030,0,2025,3
6956e0ff33e2abe4be8bdcb7,6956e0f733e2abe4be8bd220,6956e0fe33e2abe4be8bd7e4,2025-03-21,2025-03-27,"[ObjectId('6956e0fd33e2abe4be8bd410'), ObjectId('6956e0fd33e2abe4be8bd418'), ObjectId('6956e0fd33e2abe4be8bd412')]",3432,TERMINEE,2026-01-01 21:02:55.034,2026-01-01 21:02:55.034,0,2025,3
6956e0ff33e2abe4be8bdcbf,6956e0f833e2abe4be8bd23c,6956e0fd33e2abe4be8bd5ec,2025-01-13,2025-01-17,"[ObjectId('6956e0fd33e2abe4be8bd36a'), ObjectId('6956e0fd33e2abe4be8bd360')]",2560,TERMINEE,2026-01-01 21:02:55.038,2026-01-01 21:02:55.038,0,2025,1
6956e0ff33e2abe4be8bdcc4,6956e0f633e2abe4be8bd1f6,6956e0fe33e2abe4be8bd8b4,2024-11-08,2024-11-14,"[ObjectId('6956e0fd33e2abe4be8bd457'), ObjectId('6956e0fd33e2abe4be8bd459'), ObjectId('6956e0fd33e2abe4be8bd455')]",4116,TERMINEE,2026-01-01 21:02:55.042,2026-01-01 21:02:55.042,0,2024,11
6956e0ff33e2abe4be8bdccc,6956e0fc33e2abe4be8bd29a,6956e0fd33e2abe4be8bd5f0,2025-03-17,2025-03-21,[],1820,ANNULEE,2026-01-01 21:02:55.048,2026-01-01 21:02:55.048,0,2025,3
6956e0ff33e2abe4be8bdccf,6956e0fb33e2abe4be8bd276,6956e0fd33e2abe4be8bd594,2025-02-19,2025-02-23,"[ObjectId('6956e0fd33e2abe4be8bd332'), ObjectId('6956e0fd33e2abe4be8bd330'), ObjectId('6956e0fd33e2abe4be8bd33c')]",2992,TERMINEE,2026-01-01 21:02:55.051,2026-01-01 21:02:55.051,0,2025,2
6956e0ff33e2abe4be8bdcd7,6956e0f933e2abe4be8bd242,6956e0fd33e2abe4be8bd528,2025-02-21,2025-02-22,"[ObjectId('6956e0fd33e2abe4be8bd308'), ObjectId('6956e0fd33e2abe4be8bd310')]",667,TERMINEE,2026-01-01 21:02:55.058,2026-01-01 21:02:55.058,0,2025,2
6956e0ff33e2abe4be8bdcdf,6956e0fc33e2abe4be8bd292,6956e0fe33e2abe4be8bd898,2025-02-11,2025-02-15,[ObjectId('6956e0fd33e2abe4be8bd449')],1776,TERMINEE,2026-01-01 21:02:55.064,2026-01-01 21:02:55.064,0,2025,2
6956e0ff33e2abe4be8bdce7,6956e0f733e2abe4be8bd220,6956e0fe33e2abe4be8bd80c,2025-03-28,2025-03-31,[],1086,ANNULEE,2026-01-01 21:02:55.071,2026-01-01 21:02:55.071,0,2025,3
6956e0ff33e2abe4be8bdcea,6956e0fb33e2abe4be8bd27e,6956e0fd33e2abe4be8bd6b0,2025-01-25,2025-01-31,[],570,TERMINEE,2026-01-01 21:02:55.074,2026-01-01 21:02:55.074,0,2025,1
6956e0ff33e2abe4be8bdcef,6956e0f733e2abe4be8bd216,6956e0fe33e2abe4be8bd850,2025-03-01,2025-03-03,"[ObjectId('6956e0fd33e2abe4be8bd436'), ObjectId('6956e0fd33e2abe4be8bd430')]",1370,TERMINEE,2026-01-01 21:02:55.080,2026-01-01 21:02:55.080,0,2025,3
6956e0ff33e2abe4be8bdcf7,6956e0f533e2abe4be8bd1ec,6956e0fe33e2abe4be8bd8cc,2025-02-21,2025-02-28,[],3318,TERMINEE,2026-01-01 21:02:55.086,2026-01-01 21:02:55.086,0,2025,2
6956e0ff33e2abe4be8bdcff,6956e0f733e2abe4be8bd214,6956e0fd33e2abe4be8bd758,2024-10-08,2024-10-12,"[ObjectId('6956e0fd33e2abe4be8bd3ea'), ObjectId('6956e0fd33e2abe4be8bd3ec'), ObjectId('6956e0fd33e2abe4be8bd3e8')]",3636,TERMINEE,2026-01-01 21:02:55.092,2026-01-01 21:02:55.092,0,2024,10
6956e0ff33e2abe4be8bdd04,6956e0f733e2abe4be8bd216,6956e0fe33e2abe4be8bd8cc,2024-11-26,2024-12-02,"[ObjectId('6956e0fd33e2abe4be8bd44d'), ObjectId('6956e0fd33e2abe4be8bd45b'), ObjectId('6956e0fd33e2abe4be8bd44b')]",5394,ANNULEE,2026-01-01 21:02:55.095,2026-01-01 21:02:55.095,0,2024,11
6956e0ff33e2abe4be8bdd07,6956e0f933e2abe4be8bd256,6956e0fd33e2abe4be8bd488,2024-10-03,2024-10-10,[],637,ANNULEE,2026-01-01 21:02:55.097,2026-01-01 21:02:55.097,0,2024,10
6956e0ff33e2abe4be8bdd0a,6956e0f933e2abe4be8bd24a,6956e0fd33e2abe4be8bd4c4,2024-12-19,2024-12-25,[],2430,ANNULEE,2026-01-01 21:02:55.099,2026-01-01 21:02:55.099,0,2024,12
6956e0ff33e2abe4be8bdd0d,6956e0f633e2abe4be8bd1fa,6956e0fe33e2abe4be8bd908,2024-11-24,2024-11-28,[ObjectId('6956e0fd33e2abe4be8bd46a')],1016,TERMINEE,2026-01-01 21:02:55.101,2026-01-01 21:02:55.101,0,2024,11
6956e0ff33e2abe4be8bdd15,6956e0f933e2abe4be8bd258,6956e0fd33e2abe4be8bd620,2024-12-04,2024-12-08,[],1396,TERMINEE,2026-01-01 21:02:55.105,2026-01-01 21:02:55.105,0,2024,12
6956e0ff33e2abe4be8bdd1d,6956e0fb33e2abe4be8bd284,6956e0fd33e2abe4be8bd630,2024-12-31,2025-01-03,[ObjectId('6956e0fd33e2abe4be8bd387')],912,TERMINEE,2026-01-01 21:02:55.114,2026-01-01 21:02:55.114,0,2024,12
6956e0ff33e2abe4be8bdd25,6956e0fa33e2abe4be8bd26e,6956e0fe33e2abe4be8bd916,2025-02-08,2025-02-15,[ObjectId('6956e0fd33e2abe4be8bd485')],3171,TERMINEE,2026-01-01 21:02:55.120,2026-01-01 21:02:55.120,0,2025,2
6956e0ff33e2abe4be8bdd2d,6956e0fd33e2abe4be8bd2a6,6956e0fd33e2abe4be8bd54a,2025-01-18,2025-01-25,"[ObjectId('6956e0fd33e2abe4be8bd323'), ObjectId('6956e0fd33e2abe4be8bd319'), ObjectId('6956e0fd33e2abe4be8bd32d')]",5215,ANNULEE,2026-01-01 21:02:55.125,2026-01-01 21:02:55.125,0,2025,1
6956e0ff33e2abe4be8bdd30,6956e0f933e2abe4be8bd246,6956e0fd33e2abe4be8bd48a,2025-01-20,2025-01-27,[],728,TERMINEE,2026-01-01 21:02:55.128,2026-01-01 21:02:55.128,0,2025,1
6956e0ff33e2abe4be8bdd38,6956e0fb33e2abe4be8bd276,6956e0fd33e2abe4be8bd60a,2024-12-08,2024-12-15,[ObjectId('6956e0fd33e2abe4be8bd366')],3290,TERMINEE,2026-01-01 21:02:55.133,2026-01-01 21:02:55.133,0,2024,12
6956e0ff33e2abe4be8bdd3d,6956e0f733e2abe4be8bd21c,6956e0fd33e2abe4be8bd760,2024-11-23,2024-11-24,[],214,TERMINEE,2026-01-01 21:02:55.136,2026-01-01 21:02:55.136,0,2024,11
6956e0ff33e2abe4be8bdd45,6956e0fa33e2abe4be8bd272,6956e0fd33e2abe4be8bd4c2,2024-10-25,2024-10-26,"[ObjectId('6956e0fd33e2abe4be8bd301'), ObjectId('6956e0fd33e2abe4be8bd2f5'), ObjectId('6956e0fd33e2abe4be8bd2f7')]",547,ANNULEE,2026-01-01 21:02:55.141,2026-01-01 21:02:55.141,0,2024,10
6956e0ff33e2abe4be8bdd48,6956e0fb33e2abe4be8bd27c,6956e0fe33e2abe4be8bd7fc,2024-10-11,2024-10-12,"[ObjectId('6956e0fd33e2abe4be8bd404'), ObjectId('6956e0fd33e2abe4be8bd414'), ObjectId('6956e0fd33e2abe4be8bd40c')]",521,TERMINEE,2026-01-01 21:02:55.144,2026-01-01 21:02:55.144,0,2024,10
6956e0ff33e2abe4be8bdd50,6956e0fb33e2abe4be8bd282,6956e0fd33e2abe4be8bd696,2025-03-19,2025-03-23,"[ObjectId('6956e0fd33e2abe4be8bd3ab'), ObjectId('6956e0fd33e2abe4be8bd3a3'), ObjectId('6956e0fd33e2abe4be8bd3ad')]",2936,TERMINEE,2026-01-01 21:02:55.149,2026-01-01 21:02:55.149,0,2025,3
6956e0ff33e2abe4be8bdd58,6956e0fb33e2abe4be8bd278,6956e0fe33e2abe4be8bd784,2025-03-19,2025-03-21,[ObjectId('6956e0fd33e2abe4be8bd3e8')],1170,TERMINEE,2026-01-01 21:02:55.153,2026-01-01 21:02:55.153,0,2025,3
6956e0ff33e2abe4be8bdd60,6956e0f833e2abe4be8bd23e,6956e0fd33e2abe4be8bd72c,2025-03-22,2025-03-29,"[ObjectId('6956e0fd33e2abe4be8bd3d9'), ObjectId('6956e0fd33e2abe4be8bd3d1')]",2632,TERMINEE,2026-01-01 21:02:55.163,2026-01-01 21:02:55.163,0,2025,3
6956e0ff33e2abe4be8bdd68,6956e0f633e2abe4be8bd202,6956e0fd33e2abe4be8bd628,2024-12-23,2024-12-28,[],2150,TERMINEE,2026-01-01 21:02:55.168,2026-01-01 21:02:55.168,0,2024,12
6956e0ff33e2abe4be8bdd6d,6956e0f533e2abe4be8bd1ec,6956e0fe33e2abe4be8bd78a,2025-03-02,2025-03-09,"[ObjectId('6956e0fd33e2abe4be8bd3f1'), ObjectId('6956e0fd33e2abe4be8bd3f5')]",4725,TERMINEE,2026-01-01 21:02:55.171,2026-01-01 21:02:55.171,0,2025,3
6956e0ff33e2abe4be8bdd75,6956e0f833e2abe4be8bd240,6956e0fd33e2abe4be8bd4ea,2025-03-01,2025-03-02,[ObjectId('6956e0fd33e2abe4be8bd2ed')],650,TERMINEE,2026-01-01 21:02:55.176,2026-01-01 21:02:55.176,0,2025,3
6956e0ff33e2abe4be8bdd7a,6956e0f933e2abe4be8bd248,6956e0fe33e2abe4be8bd818,2024-11-13,2024-11-17,"[ObjectId('6956e0fd33e2abe4be8bd427'), ObjectId('6956e0fd33e2abe4be8bd41d')]",2704,ANNULEE,2026-01-01 21:02:55.180,2026-01-01 21:02:55.180,0,2024,11
6956e0ff33e2abe4be8bdd7d,6956e0fd33e2abe4be8bd2a8,6956e0fd33e2abe4be8bd53c,2025-02-21,2025-02-28,[ObjectId('6956e0fd33e2abe4be8bd31b')],2982,TERMINEE,2026-01-01 21:02:55.182,2026-01-01 21:02:55.182,0,2025,2
6956e0ff33e2abe4be8bdd85,6956e0f733e2abe4be8bd214,6956e0fe33e2abe4be8bd906,2025-01-30,2025-02-01,"[ObjectId('6956e0fd33e2abe4be8bd470'), ObjectId('6956e0fd33e2abe4be8bd464'), ObjectId('6956e0fd33e2abe4be8bd466')]",1486,TERMINEE,2026-01-01 21:02:55.187,2026-01-01 21:02:55.187,0,2025,1
6956e0ff33e2abe4be8bdd8d,6956e0fb33e2abe4be8bd286,6956e0fd33e2abe4be8bd76a,2025-02-17,2025-02-24,"[ObjectId('6956e0fd33e2abe4be8bd3ee'), ObjectId('6956e0fd33e2abe4be8bd3de')]",5110,ANNULEE,2026-01-01 21:02:55.192,2026-01-01 21:02:55.192,0,2025,2
6956e0ff33e2abe4be8bdd90,6956e0f533e2abe4be8bd1ec,6956e0fe33e2abe4be8bd948,2025-01-19,2025-01-25,[],2292,TERMINEE,2026-01-01 21:02:55.195,2026-01-01 21:02:55.195,0,2025,1
6956e0ff33e2abe4be8bdd95,6956e0fa33e2abe4be8bd26a,6956e0fe33e2abe4be8bd890,2024-12-01,2024-12-08,[ObjectId('6956e0fd33e2abe4be8bd451')],3633,ANNULEE,2026-01-01 21:02:55.197,2026-01-01 21:02:55.197,0,2024,12
6956e0ff33e2abe4be8bdd98,6956e0f933e2abe4be8bd246,6956e0fd33e2abe4be8bd4d2,2024-12-25,2024-12-28,"[ObjectId('6956e0fd33e2abe4be8bd2f5'), ObjectId('6956e0fd33e2abe4be8bd301')]",2139,TERMINEE,2026-01-01 21:02:55.199,2026-01-01 21:02:55.199,0,2024,12
6956e0ff33e2abe4be8bdda0,6956e0fb33e2abe4be8bd27e,6956e0fe33e2abe4be8bd940,2024-12-07,2024-12-11,"[ObjectId('6956e0fd33e2abe4be8bd47f'), ObjectId('6956e0fd33e2abe4be8bd485')]",1324,TERMINEE,2026-01-01 21:02:55.206,2026-01-01 21:02:55.206,0,2024,12
6956e0ff33e2abe4be8bdda8,6956e0f933e2abe4be8bd25a,6956e0fe33e2abe4be8bd7d6,2025-01-30,2025-01-31,[ObjectId('6956e0fd33e2abe4be8bd408')],291,TERMINEE,2026-01-01 21:02:55.214,2026-01-01 21:02:55.214,0,2025,1
6956e0ff33e2abe4be8bddb0,6956e0fc33e2abe4be8bd29e,6956e0fd33e2abe4be8bd622,2025-02-28,2025-03-07,"[ObjectId('6956e0fd33e2abe4be8bd37f'), ObjectId('6956e0fd33e2abe4be8bd385')]",4648,ANNULEE,2026-01-01 21:02:55.219,2026-01-01 21:02:55.219,0,2025,2
6956e0ff33e2abe4be8bddb3,6956e0fa33e2abe4be8bd26c,6956e0fe33e2abe4be8bd7c0,2025-03-07,2025-03-13,"[ObjectId('6956e0fd33e2abe4be8bd3f1'), ObjectId('6956e0fd33e2abe4be8bd3fb')]",3240,ANNULEE,2026-01-01 21:02:55.221,2026-01-01 21:02:55.221,0,2025,3
6956e0ff33e2abe4be8bddb6,6956e0fb33e2abe4be8bd27a,6956e0fe33e2abe4be8bd930,2025-01-27,2025-02-03,"[ObjectId('6956e0fd33e2abe4be8bd483'), ObjectId('6956e0fd33e2abe4be8bd47f'), ObjectId('6956e0fd33e2abe4be8bd47b')]",1967,TERMINEE,2026-01-01 21:02:55.223,2026-01-01 21:02:55.223,0,2025,1
6956e0ff33e2abe4be8bddbe,6956e0f633e2abe4be8bd208,6956e0fe33e2abe4be8bd8ea,2024-12-14,2024-12-16,[],974,TERMINEE,2026-01-01 21:02:55.228,2026-01-01 21:02:55.228,0,2024,12
6956e0ff33e2abe4be8bddc6,6956e0f833e2abe4be8bd22e,6956e0fe33e2abe4be8bd856,2024-10-26,2024-10-27,[ObjectId('6956e0fd33e2abe4be8bd430')],471,ANNULEE,2026-01-01 21:02:55.234,2026-01-01 21:02:55.234,0,2024,10
6956e0ff33e2abe4be8bddc9,6956e0f533e2abe4be8bd1ea,6956e0fd33e2abe4be8bd554,2025-02-25,2025-02-27,[ObjectId('6956e0fd33e2abe4be8bd323')],768,TERMINEE,2026-01-01 21:02:55.236,2026-01-01 21:02:55.236,0,2025,2
6956e0ff33e2abe4be8bddce,6956e0fb33e2abe4be8bd280,6956e0fe33e2abe4be8bd7ae,2024-12-16,2024-12-21,"[ObjectId('6956e0fd33e2abe4be8bd3fb'), ObjectId('6956e0fd33e2abe4be8bd3f7')]",1885,TERMINEE,2026-01-01 21:02:55.238,2026-01-01 21:02:55.238,0,2024,12
6956e0ff33e2abe4be8bddd6,6956e0f833e2abe4be8bd22e,6956e0fe33e2abe4be8bd80e,2025-03-12,2025-03-17,[ObjectId('6956e0fd33e2abe4be8bd42b')],3035,ANNULEE,2026-01-01 21:02:55.243,2026-01-01 21:02:55.243,0,2025,3
6956e0ff33e2abe4be8bddd9,6956e0fc33e2abe4be8bd2a0,6956e0fd33e2abe4be8bd75e,2025-03-30,2025-04-01,"[ObjectId('6956e0fd33e2abe4be8bd3e4'), ObjectId('6956e0fd33e2abe4be8bd3ec')]",962,ANNULEE,2026-01-01 21:02:55.245,2026-01-01 21:02:55.245,0,2025,3
6956e0ff33e2abe4be8bdddc,6956e0fd33e2abe4be8bd2a8,6956e0fd33e2abe4be8bd53c,2025-03-24,2025-03-30,"[ObjectId('6956e0fd33e2abe4be8bd32d'), ObjectId('6956e0fd33e2abe4be8bd323')]",3594,ANNULEE,2026-01-01 21:02:55.250,2026-01-01 21:02:55.250,0,2025,3
6956e0ff33e2abe4be8bdddf,6956e0f833e2abe4be8bd22e,6956e0fe33e2abe4be8bd7ca,2024-12-29,2024-12-31,"[ObjectId('6956e0fd33e2abe4be8bd3fb'), ObjectId('6956e0fd33e2abe4be8bd3f7')]",854,TERMINEE,2026-01-01 21:02:55.252,2026-01-01 21:02:55.252,0,2024,12
6956e0ff33e2abe4be8bdde4,6956e0f633e2abe4be8bd1f8,6956e0fd33e2abe4be8bd4c2,2024-12-14,2024-12-20,[ObjectId('6956e0fd33e2abe4be8bd2ef')],2676,TERMINEE,2026-01-01 21:02:55.257,2026-01-01 21:02:55.257,0,2024,12
6956e0ff33e2abe4be8bddec,6956e0f733e2abe4be8bd21a,6956e0fd33e2abe4be8bd618,2024-12-05,2024-12-12,"[ObjectId('6956e0fd33e2abe4be8bd385'), ObjectId('6956e0fd33e2abe4be8bd381')]",3178,TERMINEE,2026-01-01 21:02:55.265,2026-01-01 21:02:55.265,0,2024,12
6956e0ff33e2abe4be8bddf4,6956e0f933e2abe4be8bd258,6956e0fd33e2abe4be8bd670,2025-01-23,2025-01-26,"[ObjectId('6956e0fd33e2abe4be8bd38e'), ObjectId('6956e0fd33e2abe4be8bd39a')]",1833,ANNULEE,2026-01-01 21:02:55.268,2026-01-01 21:02:55.268,0,2025,1
6956e0ff33e2abe4be8bddf7,6956e0fd33e2abe4be8bd2a6,6956e0fd33e2abe4be8bd690,2024-10-17,2024-10-18,[],85,TERMINEE,2026-01-01 21:02:55.270,2026-01-01 21:02:55.270,0,2024,10
6956e0ff33e2abe4be8bddfc,6956e0f633e2abe4be8bd1fa,6956e0fd33e2abe4be8bd5d6,2025-04-01,2025-04-06,"[ObjectId('6956e0fd33e2abe4be8bd355'), ObjectId('6956e0fd33e2abe4be8bd34b'), ObjectId('6956e0fd33e2abe4be8bd349')]",3390,ANNULEE,2026-01-01 21:02:55.273,2026-01-01 21:02:55.273,0,2025,4
6956e0ff33e2abe4be8bddff,6956e0f933e2abe4be8bd24a,6956e0fe33e2abe4be8bd8d2,2024-12-01,2024-12-06,"[ObjectId('6956e0fd33e2abe4be8bd464'), ObjectId('6956e0fd33e2abe4be8bd460')]",1815,TERMINEE,2026-01-01 21:02:55.276,2026-01-01 21:02:55.276,0,2024,12
6956e0ff33e2abe4be8bde04,6956e0f833e2abe4be8bd236,6956e0fd33e2abe4be8bd660,2025-01-08,2025-01-13,[],1845,TERMINEE,2026-01-01 21:02:55.279,2026-01-01 21:02:55.279,0,2025,1
6956e0ff33e2abe4be8bde09,6956e0f733e2abe4be8bd21c,6956e0fd33e2abe4be8bd5ec,2024-10-21,2024-10-23,[],832,TERMINEE,2026-01-01 21:02:55.282,2026-01-01 21:02:55.282,0,2024,10
6956e0ff33e2abe4be8bde11,6956e0f633e2abe4be8bd206,6956e0fd33e2abe4be8bd610,2025-01-29,2025-02-04,"[ObjectId('6956e0fd33e2abe4be8bd366'), ObjectId('6956e0fd33e2abe4be8bd35e')]",4482,TERMINEE,2026-01-01 21:02:55.287,2026-01-01 21:02:55.287,0,2025,1
